78.963,30.764,21.318,30.462,-53.421,25.887,24.001,3.6901,-29.844,29.205
95.451,53.404,21.316,30.462,-53.48,25.888,18.451,23.716,8.6189,12.757
95.888,53.577,32.578,30.462,31.041,30.654,24.649,33.058,25.507,20.56
95.776,53.533,32.571,30.462,31.04,30.641,24.608,33.046,25.493,20.458
95.785,53.537,32.577,30.462,31.041,30.653,24.615,33.047,25.495,20.469
95.872,53.57,32.581,30.462,31.041,30.659,24.644,33.056,25.506,20.546
95.83,53.554,32.582,30.462,31.041,30.662,24.631,33.052,25.5,20.51
95.854,53.563,32.564,30.462,31.038,30.629,24.624,33.052,25.5,20.507
95.63,53.476,32.555,30.462,31.037,30.612,24.545,33.028,25.469,20.303
95.663,53.489,32.56,30.462,31.038,30.621,24.557,33.032,25.473,20.327
95.779,53.534,32.562,30.462,31.038,30.624,24.593,33.043,25.487,20.421
95.792,53.539,32.552,30.462,31.036,30.605,24.591,33.042,25.486,20.414
95.88,53.573,32.567,30.462,31.039,30.634,24.63,33.053,25.5,20.505
95.972,53.608,32.572,30.462,31.04,30.642,24.66,33.061,25.51,20.581
95.975,53.609,32.55,30.462,31.036,30.602,24.646,33.059,25.508,20.563
95.918,53.587,32.561,30.462,31.038,30.623,24.637,33.059,25.507,20.559
95.819,53.549,32.577,30.462,31.041,30.652,24.618,33.052,25.499,20.502
95.831,53.554,32.57,30.462,31.039,30.638,24.619,33.052,25.499,20.498
95.959,53.603,32.566,30.462,31.039,30.631,24.653,33.062,25.513,20.598
95.951,53.6,32.569,30.462,31.039,30.637,24.654,33.063,25.514,20.606
95.725,53.513,32.578,30.462,31.041,30.654,24.594,33.043,25.489,20.43
95.763,53.528,32.561,30.462,31.038,30.623,24.593,33.043,25.488,20.427
95.88,53.573,32.57,30.462,31.039,30.639,24.635,33.056,25.504,20.537
95.805,53.544,32.578,30.462,31.041,30.653,24.619,33.053,25.501,20.513
95.744,53.52,32.577,30.462,31.041,30.653,24.601,33.049,25.496,20.479
95.829,53.553,32.585,30.462,31.042,30.666,24.632,33.059,25.508,20.564
95.891,53.577,32.565,30.462,31.039,30.63,24.638,33.061,25.511,20.585
95.852,53.562,32.575,30.462,31.04,30.649,24.634,33.06,25.51,20.58
95.779,53.534,32.577,30.462,31.041,30.653,24.614,33.054,25.502,20.523
95.848,53.561,32.581,30.462,31.041,30.66,24.634,33.061,25.511,20.586
95.88,53.574,32.576,30.462,31.04,30.65,24.621,33.049,25.495,20.416
95.529,53.437,32.598,30.462,31.043,30.69,24.528,33.02,25.457,20.172
95.501,53.425,32.596,30.462,31.043,30.687,24.517,33.016,25.453,20.144
95.53,53.437,32.596,30.462,31.043,30.687,24.527,33.02,25.457,20.169
95.53,53.437,32.595,30.462,31.043,30.685,24.528,33.02,25.458,20.174
95.531,53.437,32.594,30.462,31.043,30.684,24.529,33.021,25.458,20.176
95.549,53.444,32.587,30.462,31.042,30.671,24.53,33.022,25.459,20.18
95.527,53.436,32.593,30.462,31.043,30.682,24.529,33.022,25.46,20.187
95.435,53.399,32.6,30.462,31.044,30.695,24.505,33.015,25.45,20.123
95.424,53.394,32.585,30.462,31.042,30.667,24.489,33.01,25.443,20.081
95.602,53.466,32.593,30.462,31.043,30.681,24.548,33.028,25.467,20.233
95.658,53.488,32.589,30.462,31.042,30.675,24.562,33.033,25.473,20.266
95.647,53.483,32.587,30.462,31.042,30.67,24.551,33.03,25.468,20.236
95.54,53.441,32.581,30.462,31.041,30.659,24.51,33.017,25.45,20.129
95.642,53.481,32.579,30.462,31.041,30.656,24.543,33.027,25.464,20.213
95.574,53.454,32.578,30.462,31.041,30.653,24.516,33.019,25.453,20.141
95.417,53.391,32.574,30.462,31.04,30.646,24.382,32.975,25.392,19.794
94.83,53.142,32.564,30.462,31.038,30.629,24.187,32.904,25.292,19.318
94.592,53.035,32.548,30.462,31.035,30.598,24.11,32.874,25.249,19.14
94.792,53.125,32.55,30.462,31.036,30.602,24.076,32.86,25.229,19.056
94.577,53.028,32.553,30.462,31.036,30.607,23.811,32.745,25.056,18.418
93.173,52.325,32.555,30.462,31.037,30.611,23.418,32.547,24.745,17.565
93.512,52.508,32.557,30.462,31.037,30.614,23.592,32.638,24.89,17.946
93.848,52.68,32.557,30.462,31.037,30.614,23.784,32.732,25.037,18.38
94.313,52.905,32.558,30.462,31.037,30.617,23.977,32.818,25.168,18.826
94.739,53.101,32.558,30.462,31.037,30.616,24.136,32.884,25.265,19.204
94.816,53.135,32.557,30.462,31.037,30.616,24.177,32.899,25.288,19.304
94.93,53.185,32.557,30.462,31.037,30.615,24.202,32.909,25.302,19.359
94.887,53.167,32.549,30.462,31.035,30.599,24.18,32.901,25.289,19.29
94.927,53.184,32.518,30.462,31.029,30.543,24.186,32.903,25.289,19.303
95.001,53.216,32.526,30.462,31.031,30.557,24.223,32.918,25.308,19.395
95.142,53.276,32.545,30.462,31.035,30.592,24.275,32.935,25.335,19.535
95.205,53.302,32.544,30.462,31.035,30.591,24.301,32.944,25.351,19.611
95.09,53.254,32.545,30.462,31.035,30.593,24.272,32.934,25.338,19.549
95.253,53.323,32.537,30.462,31.033,30.579,24.323,32.952,25.364,19.678
95.289,53.338,32.538,30.462,31.033,30.58,24.341,32.959,25.373,19.722
95.366,53.369,32.545,30.462,31.035,30.593,24.375,32.97,25.389,19.806
95.421,53.392,32.553,30.462,31.036,30.607,24.402,32.98,25.402,19.875
95.283,53.335,32.554,30.462,31.037,30.61,24.362,32.966,25.384,19.777
95.377,53.374,32.546,30.462,31.035,30.595,24.387,32.975,25.395,19.838
95.471,53.412,32.534,30.462,31.032,30.571,24.407,32.982,25.405,19.886
95.343,53.36,32.521,30.462,31.03,30.549,24.355,32.963,25.379,19.743
95.283,53.335,32.503,30.462,31.025,30.515,24.322,32.952,25.363,19.666
95.416,53.39,32.514,30.462,31.028,30.535,24.37,32.969,25.387,19.789
95.469,53.412,32.528,30.462,31.031,30.56,24.398,32.979,25.4,19.861
95.332,53.356,32.534,30.462,31.033,30.573,24.367,32.968,25.386,19.784
95.484,53.418,32.536,30.462,31.033,30.575,24.418,32.986,25.41,19.907
95.459,53.408,32.531,30.462,31.032,30.566,24.404,32.981,25.403,19.849
95.349,53.363,32.525,30.462,31.031,30.557,24.347,32.962,25.376,19.71
95.425,53.394,32.526,30.462,31.031,30.557,24.275,32.935,25.338,19.521
95.237,53.316,32.524,30.462,31.03,30.554,24.202,32.909,25.301,19.357
95.345,53.361,32.521,30.462,31.029,30.548,24.251,32.927,25.329,19.493
95.277,53.333,32.526,30.462,31.031,30.557,24.264,32.932,25.336,19.531
95.591,53.461,32.535,30.462,31.033,30.574,24.389,32.976,25.398,19.842
95.48,53.416,32.541,30.462,31.034,30.585,24.37,32.969,25.388,19.788
95.583,53.458,32.54,30.462,31.034,30.583,24.41,32.983,25.406,19.884
95.456,53.406,32.537,30.462,31.033,30.579,24.377,32.971,25.388,19.788
95.407,53.387,32.536,30.462,31.033,30.577,24.367,32.967,25.383,19.761
95.59,53.46,32.536,30.462,31.033,30.577,24.426,32.987,25.411,19.912
95.284,53.336,32.534,30.462,31.032,30.572,24.316,32.949,25.357,19.613
95.413,53.389,32.518,30.462,31.029,30.543,24.343,32.96,25.371,19.685
95.539,53.443,32.511,30.462,31.027,30.53,24.346,32.965,25.376,19.787
94.943,53.199,32.507,30.462,31.026,30.522,24.169,32.899,25.282,19.346
95.026,53.239,32.504,30.462,31.025,30.516,24.204,32.915,25.305,19.447
94.849,53.166,32.504,30.462,31.025,30.517,24.16,32.899,25.282,19.348
94.795,53.147,32.509,30.462,31.027,30.527,24.154,32.896,25.277,19.327
94.825,53.164,32.509,30.462,31.027,30.527,24.17,32.901,25.285,19.359
94.623,53.078,32.489,30.462,31.021,30.489,24.095,32.872,25.241,19.177
94.725,53.128,32.48,30.462,31.019,30.472,24.124,32.885,25.261,19.257
94.732,53.135,32.401,30.462,30.992,30.329,24.08,32.867,25.234,19.147
94.705,53.128,32.414,30.462,30.997,30.352,24.087,32.87,25.238,19.165
94.787,53.168,32.419,30.462,30.999,30.361,24.121,32.883,25.259,19.25
94.924,53.231,32.421,30.462,31,30.366,24.171,32.902,25.286,19.364
94.809,53.185,32.422,30.462,31,30.368,24.138,32.889,25.266,19.28
94.621,53.107,32.409,30.462,30.995,30.344,24.039,32.857,25.213,19.067
94.691,53.142,32.396,30.462,30.99,30.319,24.053,32.87,25.231,19.138
94.699,53.15,32.408,30.462,30.995,30.341,24.085,32.876,25.243,19.186
94.756,53.179,32.42,30.462,30.999,30.364,24.123,32.891,25.266,19.28
94.609,53.118,32.427,30.462,31.002,30.376,24.092,32.875,25.244,19.188
94.789,53.201,32.43,30.462,31.003,30.381,24.155,32.898,25.278,19.33
94.839,53.227,32.435,30.462,31.005,30.391,24.179,32.906,25.29,19.383
94.909,53.261,32.437,30.462,31.005,30.394,24.205,32.915,25.305,19.448
94.74,53.192,32.429,30.462,31.002,30.38,24.151,32.893,25.273,19.307
94.842,53.24,32.424,30.462,31.001,30.37,24.181,32.905,25.291,19.388
94.873,53.258,32.43,30.462,31.003,30.381,24.197,32.912,25.302,19.438
94.87,53.26,32.432,30.462,31.003,30.384,24.198,32.912,25.302,19.437
94.788,53.229,32.427,30.462,31.002,30.376,24.172,32.901,25.286,19.366
94.704,53.197,32.423,30.462,31,30.368,24.151,32.894,25.275,19.318
94.736,53.215,32.444,30.462,31.008,30.408,24.182,32.907,25.294,19.401
94.706,53.206,32.429,30.462,31.002,30.379,24.168,32.903,25.287,19.369
94.758,53.233,32.44,30.462,31.006,30.401,24.203,32.915,25.304,19.446
94.754,53.236,32.449,30.462,31.009,30.415,24.214,32.92,25.311,19.478
94.821,53.184,32.377,30.462,30.982,30.285,24.137,32.855,25.222,19.006
94.915,53.226,32.377,30.462,30.982,30.285,24.169,32.868,25.242,19.091
94.893,53.219,32.35,30.462,30.971,30.237,24.15,32.861,25.23,19.05
94.852,53.204,32.346,30.462,30.969,30.229,24.137,32.858,25.225,19.034
94.815,53.186,32.34,30.462,30.966,30.218,24.12,32.848,25.212,18.982
94.857,53.199,32.335,30.462,30.964,30.21,24.124,32.849,25.213,18.989
94.926,53.225,32.328,30.462,30.961,30.198,24.136,32.854,25.22,19.019
94.839,53.186,32.318,30.462,30.956,30.179,24.1,32.839,25.198,18.934
94.859,53.19,32.311,30.462,30.953,30.166,24.098,32.839,25.199,18.939
94.809,53.163,32.309,30.462,30.952,30.164,24.079,32.833,25.189,18.902
94.812,53.164,32.315,30.462,30.955,30.174,24.085,32.838,25.194,18.923
94.891,53.198,32.319,30.462,30.956,30.18,24.112,32.851,25.211,18.991
94.841,53.177,32.325,30.462,30.959,30.192,24.101,32.847,25.206,18.969
94.876,53.191,32.332,30.462,30.963,30.204,24.117,32.854,25.215,19.004
94.885,53.195,32.337,30.462,30.965,30.214,24.123,32.856,25.219,19.019
94.77,53.146,32.337,30.462,30.965,30.213,24.088,32.842,25.199,18.944
94.785,53.15,32.331,30.462,30.962,30.202,24.087,32.841,25.199,18.942
94.133,52.853,32.328,30.462,30.961,30.198,23.882,32.749,25.061,18.458
94.157,52.864,32.325,30.462,30.959,30.192,23.887,32.752,25.065,18.472
94.1,52.837,32.321,30.462,30.957,30.184,23.863,32.741,25.048,18.415
94.118,52.844,32.32,30.462,30.957,30.182,23.864,32.738,25.044,18.404
94.202,52.883,32.319,30.462,30.957,30.181,23.89,32.749,25.064,18.469
93.8,52.689,32.326,30.462,30.96,30.193,23.768,32.692,24.976,18.197
94.19,52.878,32.332,30.462,30.963,30.205,23.896,32.753,25.072,18.497
94.104,52.841,32.342,30.462,30.967,30.222,23.88,32.747,25.063,18.468
94.156,52.868,32.349,30.462,30.97,30.235,23.903,32.758,25.081,18.527
94.19,52.884,32.348,30.462,30.97,30.233,23.914,32.763,25.089,18.553
94.209,52.895,32.342,30.462,30.967,30.222,23.918,32.766,25.093,18.569
94.219,52.902,32.339,30.462,30.966,30.217,23.922,32.769,25.097,18.581
94.155,52.874,32.337,30.462,30.965,30.213,23.906,32.761,25.083,18.537
94.208,52.901,32.333,30.462,30.963,30.207,23.923,32.768,25.094,18.574
94.156,52.873,32.348,30.462,30.97,30.233,23.927,32.774,25.104,18.553
94.436,53.005,32.394,30.462,30.989,30.316,24.05,32.83,25.187,18.85
94.444,53.009,32.441,30.462,31.007,30.402,24.088,32.846,25.211,18.944
94.483,53.027,32.489,30.462,31.021,30.489,24.135,32.866,25.242,19.071
94.492,53.031,32.487,30.462,31.021,30.485,24.137,32.866,25.242,19.062
94.501,53.035,32.486,30.462,31.02,30.483,24.137,32.865,25.239,19.052
94.462,53.017,32.484,30.462,31.02,30.48,24.122,32.86,25.231,19.017
94.393,52.984,32.475,30.462,31.017,30.464,24.091,32.845,25.209,18.932
94.319,52.947,32.46,30.462,31.013,30.435,24.053,32.827,25.182,18.834
94.313,52.934,32.463,30.462,31.014,30.443,24.046,32.824,25.178,18.817
94.161,52.861,32.456,30.462,31.011,30.429,23.981,32.795,25.134,18.642
94.1,52.829,32.464,30.462,31.014,30.444,23.918,32.725,25.016,18.242
94.08,52.82,32.461,30.462,31.013,30.437,23.945,32.762,25.077,18.439
94.08,52.82,32.466,30.462,31.015,30.447,23.959,32.778,25.104,18.536
94.006,52.784,32.455,30.462,31.011,30.427,23.924,32.76,25.075,18.428
94.094,52.827,32.44,30.462,31.006,30.399,23.938,32.762,25.078,18.427
94.099,52.83,32.453,30.462,31.01,30.423,23.956,32.777,25.104,18.512
94.226,52.89,32.463,30.462,31.014,30.442,24.007,32.801,25.142,18.65
94.234,52.893,32.47,30.462,31.016,30.455,24.016,32.807,25.15,18.68
94.144,52.85,32.455,30.462,31.011,30.427,23.975,32.786,25.118,18.561
94.223,52.887,32.457,30.462,31.012,30.431,24.002,32.8,25.14,18.6
94.203,52.879,32.451,30.462,31.01,30.42,23.992,32.795,25.132,18.5
94.275,52.913,32.43,30.462,31.003,30.381,23.983,32.788,25.119,18.482
94.257,52.904,32.447,30.462,31.008,30.412,23.987,32.787,25.117,18.475
94.208,52.879,32.448,30.462,31.009,30.415,23.971,32.774,25.097,18.415
94.198,52.875,32.441,30.462,31.007,30.402,23.965,32.771,25.094,18.422
94.192,52.876,32.437,30.462,31.005,30.394,23.968,32.775,25.1,18.459
94.304,52.931,32.401,30.462,30.992,30.328,23.98,32.784,25.114,18.51
93.923,52.809,32.343,30.462,30.968,30.223,23.863,32.738,25.04,18.223
94.839,53.259,32.421,30.462,30.999,30.364,24.225,32.891,25.271,19.061
94.753,53.257,32.424,30.462,31.001,30.371,24.231,32.892,25.273,19.083
94.641,53.243,32.432,30.462,31.004,30.386,24.226,32.893,25.274,19.078
94.583,53.253,32.419,30.462,30.999,30.361,24.226,32.895,25.277,19.095
94.508,53.255,32.413,30.462,30.997,30.351,24.225,32.894,25.277,19.102
94.395,53.241,32.41,30.462,30.996,30.345,24.213,32.891,25.272,19.093
94.371,53.266,32.407,30.462,30.994,30.34,24.23,32.899,25.283,19.152
94.371,53.3,32.411,30.462,30.996,30.348,24.259,32.91,25.3,19.231
94.287,53.299,32.412,30.462,30.996,30.349,24.259,32.911,25.301,19.235
94.134,53.269,32.425,30.462,31.001,30.373,24.248,32.905,25.294,19.202
94.036,53.262,32.401,30.462,30.992,30.328,24.224,32.894,25.273,19.114
93.931,53.252,32.385,30.462,30.986,30.3,24.205,32.884,25.257,19.046
93.893,53.269,32.395,30.462,30.99,30.317,24.224,32.891,25.267,19.088
93.762,53.248,32.386,30.462,30.986,30.301,24.2,32.88,25.251,19.019
93.637,53.229,32.373,30.462,30.981,30.278,24.174,32.866,25.23,18.929
93.586,53.241,32.356,30.462,30.974,30.248,24.168,32.859,25.22,18.883
93.388,53.191,32.338,30.462,30.965,30.215,24.116,32.832,25.18,18.72
93.265,53.173,32.315,30.462,30.954,30.173,24.083,32.813,25.155,18.619
93.143,53.155,32.295,30.462,30.945,30.138,24.054,32.796,25.13,18.522
92.929,53.095,32.283,30.462,30.938,30.116,24.003,32.771,25.092,18.382
92.867,53.103,32.296,30.462,30.945,30.139,24.02,32.776,25.099,18.413
92.811,53.115,32.32,30.462,30.957,30.183,24.043,32.795,25.128,18.479
92.808,53.15,32.323,30.462,30.958,30.188,24.069,32.812,25.153,18.548
93.004,53.319,32.324,30.462,30.959,30.189,24.193,32.859,25.224,18.839
91.723,52.911,32.336,30.462,30.964,30.211,23.92,32.741,25.046,18.227
91.651,53.041,32.351,30.462,30.971,30.239,24.02,32.793,25.126,18.488
91.269,53.03,32.366,30.462,30.978,30.265,24.026,32.8,25.136,18.538
91.091,53.112,32.378,30.462,30.983,30.287,24.092,32.831,25.182,18.713
90.558,53.036,32.382,30.462,30.985,30.295,24.044,32.812,25.156,18.601
90.263,53.069,32.37,30.462,30.98,30.272,24.056,32.818,25.164,18.573
89.943,53.147,32.3,30.462,30.947,30.147,24.036,32.809,25.14,18.56
89.863,53.264,32.066,30.462,30.802,29.736,23.931,32.743,25.037,18.205
89.283,53.167,31.972,30.462,30.729,29.573,23.776,32.645,24.882,17.741
88.73,53.078,31.928,30.462,30.693,29.499,23.672,32.588,24.79,17.518
88.426,53.1,31.955,30.462,30.715,29.545,23.707,32.612,24.828,17.625
87.949,53.048,31.973,30.462,30.73,29.576,23.687,32.606,24.818,17.595
87.745,53.122,31.96,30.462,30.719,29.553,23.727,32.622,24.845,17.659
87.334,53.103,31.913,30.462,30.68,29.474,23.678,32.594,24.799,17.544
86.753,53.009,31.827,30.462,30.604,29.33,23.541,32.517,24.674,17.233
86.395,53.012,31.681,30.462,30.464,29.089,23.409,32.439,24.54,16.922
85.536,52.781,31.558,30.462,30.336,28.889,23.135,32.264,24.238,16.339
84.752,52.574,31.512,30.462,30.287,28.817,22.954,32.139,24.025,15.995
83.933,52.335,31.53,30.462,30.306,28.845,22.812,32.049,23.871,15.772
83.231,52.15,31.504,30.462,30.278,28.804,22.669,31.95,23.701,15.533
82.755,52.087,31.413,30.462,30.177,28.66,22.546,31.858,23.539,15.325
82.966,52.328,31.323,30.462,30.074,28.521,22.604,31.902,23.616,15.427
82.705,52.314,31.296,30.462,30.044,28.48,22.584,31.892,23.603,15.423
82.305,52.224,31.322,30.462,30.074,28.52,22.578,31.899,23.616,15.453
81.672,52.004,31.384,30.462,30.144,28.615,22.528,31.869,23.568,15.406
81.41,51.998,31.495,30.462,30.268,28.79,22.634,31.96,23.732,15.634
81.798,52.356,31.61,30.462,30.391,28.974,22.943,32.19,24.129,16.234
81.903,52.544,31.7,30.462,30.483,29.12,23.138,32.324,24.357,16.639
82.026,52.732,31.771,30.462,30.552,29.237,23.318,32.437,24.549,17.001
81.873,52.781,31.788,30.462,30.567,29.264,23.374,32.472,24.609,17.145
81.89,52.911,31.829,30.462,30.606,29.333,23.499,32.544,24.728,17.427
81.822,52.996,31.915,30.462,30.682,29.478,23.624,32.613,24.84,17.714
81.569,52.997,32,30.462,30.751,29.621,23.679,32.643,24.888,17.834
81.135,52.913,31.966,30.462,30.724,29.564,23.58,32.593,24.809,17.611
81.228,53.07,31.9,30.462,30.669,29.452,23.637,32.623,24.857,17.739
80.802,52.989,31.803,30.462,30.582,29.29,23.514,32.557,24.754,17.482
83.292,53.818,31.704,30.462,30.486,29.126,24.047,32.811,25.167,18.751
83.95,53.818,31.605,30.462,30.385,28.965,23.958,32.769,25.104,18.515
84.808,53.818,31.416,30.462,30.18,28.665,23.781,32.683,24.971,18.084
85.706,53.772,31.317,30.462,30.067,28.511,23.661,32.62,24.871,17.815
84.643,53.044,31.427,30.462,30.193,28.683,23.202,32.362,24.455,16.872
85.832,53.243,31.566,30.462,30.345,28.903,23.458,32.518,24.709,17.429
86.808,53.348,31.61,30.462,30.391,28.974,23.581,32.589,24.822,17.71
88.318,53.659,31.601,30.462,30.381,28.958,23.822,32.712,25.015,18.254
88.876,53.603,31.597,30.462,30.377,28.952,23.778,32.692,24.985,18.164
89.659,53.636,31.612,30.462,30.392,28.976,23.817,32.712,25.015,18.259
90.379,53.648,31.645,30.462,30.427,29.03,23.854,32.73,25.043,18.347
91.187,53.697,31.711,30.462,30.493,29.137,23.949,32.774,25.111,18.576
91.929,53.725,31.783,30.462,30.563,29.256,24.029,32.811,25.166,18.77
92.816,53.818,31.805,30.462,30.583,29.293,24.124,32.853,25.229,19.001
93.455,53.818,31.822,30.462,30.599,29.32,24.135,32.858,25.236,19.035
94.024,53.818,31.797,30.462,30.576,29.279,24.096,32.841,25.211,18.921
94.661,53.786,31.695,30.462,30.478,29.112,23.932,32.77,25.105,18.516
93.654,53.215,31.58,30.462,30.359,28.925,23.308,32.448,24.598,17.146
91.828,52.214,31.442,30.462,30.21,28.707,22.477,31.881,23.651,15.555
91.381,51.836,31.346,30.462,30.101,28.557,22.166,31.623,23.206,15.023
90.628,51.224,31.271,30.462,30.014,28.441,21.787,31.272,22.593,14.43
90.51,51.004,31.218,30.462,29.952,28.361,21.63,31.114,22.316,14.2
90.528,50.864,31.116,30.462,29.831,28.208,21.477,30.952,22.029,13.982
90.8,50.864,31.016,30.462,29.71,28.061,21.399,30.869,21.879,13.872
91.293,50.864,30.905,30.462,29.574,27.9,21.344,30.805,21.765,13.798
91.781,50.864,31.034,30.462,29.731,28.087,21.459,30.93,21.989,13.957
92.471,50.864,31.176,30.462,29.902,28.297,21.584,31.067,22.233,14.143
92.712,50.864,31.266,30.462,30.008,28.434,21.675,31.164,22.403,14.283
92.815,50.864,31.199,30.462,29.929,28.332,21.655,31.145,22.364,14.254
92.761,50.864,31.083,30.462,29.79,28.159,21.604,31.089,22.266,14.178
92.808,50.864,31.152,30.462,29.873,28.261,21.676,31.16,22.393,14.283
92.82,50.868,31.321,30.462,30.072,28.517,21.804,31.253,22.551,14.372
92.825,50.868,31.448,30.462,30.216,28.715,21.87,31.321,22.668,14.475
92.845,50.868,31.513,30.462,30.287,28.818,21.9,31.345,22.71,14.521
93.12,50.868,31.573,30.462,30.352,28.913,21.929,31.375,22.764,14.567
93.174,50.868,31.512,30.462,30.287,28.817,21.9,31.355,22.73,14.537
93.177,50.868,31.423,30.462,30.189,28.677,21.877,31.337,22.7,14.471
93.013,50.868,31.314,30.462,30.064,28.507,21.757,31.219,22.487,14.162
93.205,50.868,31.127,30.462,29.843,28.224,21.6,31.061,22.199,13.971
93.792,50.868,31.216,30.462,29.949,28.357,21.681,31.144,22.347,14.149
94.488,50.868,31.414,30.462,30.178,28.662,21.862,31.326,22.669,14.446
93.513,50.098,31.525,30.462,30.3,28.837,21.64,31.11,22.295,14.149
93.724,50.295,31.596,30.462,30.376,28.951,21.767,31.245,22.54,14.354
94.412,50.868,31.645,30.462,30.427,29.03,22.054,31.52,23.027,14.806
94.393,50.868,31.704,30.462,30.487,29.127,22.108,31.571,23.116,14.902
94.175,50.868,31.749,30.462,30.53,29.2,22.133,31.596,23.159,14.952
94.003,50.868,31.794,30.462,30.574,29.275,22.187,31.645,23.244,15.054
93.672,50.868,31.853,30.462,30.628,29.374,22.252,31.702,23.344,15.175
93.396,50.868,31.895,30.462,30.664,29.443,22.285,31.732,23.396,15.238
92.915,50.868,31.943,30.462,30.705,29.525,22.308,31.753,23.434,15.284
92.629,50.868,31.975,30.462,30.732,29.58,22.334,31.775,23.475,15.338
92.24,50.868,32.023,30.462,30.769,29.661,22.389,31.822,23.551,15.436
93.391,51.736,32.07,30.462,30.804,29.742,22.873,32.183,24.161,16.325
94.087,52.146,32.109,30.462,30.832,29.809,23.151,32.364,24.459,16.876
94.201,52.211,32.153,30.462,30.862,29.887,23.246,32.422,24.555,17.08
94.422,52.332,32.187,30.462,30.884,29.947,23.36,32.489,24.664,17.325
94.678,52.469,32.221,30.462,30.904,30.006,23.472,32.552,24.767,17.572
95.013,52.642,32.244,30.462,30.917,30.047,23.593,32.617,24.871,17.839
94.85,52.559,32.265,30.462,30.929,30.085,23.555,32.597,24.84,17.759
95.153,52.712,32.276,30.462,30.935,30.105,23.665,32.654,24.929,18.003
94.91,52.589,32.297,30.462,30.946,30.142,23.607,32.625,24.883,17.879
94.998,52.489,32.325,30.462,30.959,30.191,23.577,32.601,24.848,17.867
96.002,52.988,30.281,30.462,28.812,27.056,22.458,31.874,23.649,15.658
95.326,52.673,32.056,30.462,30.794,29.718,23.501,32.562,24.788,17.711
95.738,52.879,32.065,30.462,30.801,29.734,23.641,32.636,24.905,18.019
96.202,53.094,32.108,30.462,30.831,29.807,23.819,32.725,25.041,18.424
96.628,53.282,32.377,30.462,30.982,30.285,24.158,32.873,25.262,19.224
96.488,53.227,32.391,30.462,30.988,30.311,24.139,32.866,25.251,19.179
96.528,53.246,32.399,30.462,30.991,30.324,24.158,32.874,25.263,19.228
96.627,53.292,32.414,30.462,30.997,30.352,24.199,32.891,25.287,19.329
96.732,53.343,32.425,30.462,31.001,30.372,24.244,32.908,25.312,19.44
96.695,53.33,32.42,30.462,30.999,30.363,24.24,32.907,25.311,19.435
96.63,53.305,32.427,30.462,31.002,30.376,24.234,32.905,25.308,19.424
96.855,53.402,32.405,30.462,30.994,30.337,24.298,32.929,25.342,19.582
97.04,53.481,32.432,30.462,31.003,30.384,24.383,32.96,25.385,19.795
97.043,53.485,32.44,30.462,31.006,30.399,24.394,32.964,25.391,19.825
96.724,53.361,32.448,30.462,31.009,30.414,24.307,32.934,25.349,19.616
96.814,53.401,32.452,30.462,31.01,30.422,24.342,32.947,25.368,19.708
97.054,53.498,32.464,30.462,31.014,30.443,24.427,32.977,25.409,19.922
97.193,53.548,32.456,30.462,31.012,30.43,24.464,32.989,25.425,20.014
97.212,53.556,32.447,30.462,31.009,30.413,24.462,32.989,25.424,20.01
97.154,53.537,32.471,30.462,31.016,30.455,24.467,32.991,25.426,20.021
97.203,53.558,32.475,30.462,31.017,30.464,24.487,32.998,25.436,20.074
97.033,53.494,32.494,30.462,31.023,30.499,24.452,32.986,25.42,19.983
97.096,53.521,32.485,30.462,31.02,30.483,24.471,32.992,25.428,20.032
97.36,53.624,32.482,30.462,31.019,30.477,24.554,33.02,25.465,20.25
97.236,53.578,32.484,30.462,31.02,30.48,24.523,33.01,25.452,20.17
97.267,53.591,32.484,30.462,31.02,30.481,24.535,33.014,25.457,20.203
97.384,53.636,32.488,30.462,31.021,30.488,24.575,33.027,25.473,20.306
97.215,53.574,32.547,30.462,31.035,30.597,24.569,33.025,25.471,20.292
97.4,53.646,32.585,30.462,31.042,30.667,24.654,33.051,25.504,20.513
97.373,53.638,32.559,30.462,31.037,30.618,24.628,33.043,25.494,20.441
97.201,53.566,32.561,30.462,31.038,30.622,24.569,33.026,25.473,20.191
97.492,53.675,32.538,30.462,31.033,30.579,24.643,33.049,25.502,20.399
97.683,53.745,32.52,30.462,31.029,30.547,24.688,33.062,25.518,20.514
97.398,53.641,32.492,30.462,31.022,30.495,24.583,33.03,25.478,20.233
97.433,53.653,32.459,30.462,31.013,30.435,24.571,33.026,25.473,20.199
97.453,53.661,32.48,30.462,31.019,30.473,24.594,33.033,25.482,20.264
97.661,53.738,32.476,30.462,31.018,30.466,24.657,33.052,25.506,20.425
97.435,53.656,32.488,30.462,31.021,30.488,24.601,33.035,25.485,20.268
97.767,53.775,32.493,30.462,31.022,30.496,24.702,33.066,25.523,20.552
97.701,53.75,32.495,30.462,31.023,30.501,24.683,33.06,25.517,20.511
97.578,53.705,32.491,30.462,31.022,30.493,24.643,33.049,25.502,20.409
97.568,53.7,32.481,30.462,31.019,30.475,24.633,33.046,25.499,20.383
97.696,53.746,32.489,30.462,31.021,30.489,24.678,33.059,25.515,20.5
97.625,53.721,32.483,30.462,31.02,30.479,24.654,33.052,25.507,20.44
97.607,53.716,32.492,30.462,31.022,30.495,24.658,33.053,25.508,20.451
97.079,53.545,32.493,30.462,31.023,30.497,24.522,33.011,25.454,20.098
97.07,53.567,32.507,30.462,31.026,30.522,24.549,33.02,25.466,20.167
97.106,53.605,32.501,30.462,31.024,30.511,24.575,33.028,25.476,20.233
97.009,53.593,32.499,30.462,31.024,30.507,24.563,33.024,25.471,20.206
97.075,53.643,32.503,30.462,31.025,30.515,24.607,33.038,25.489,20.321
97.004,53.641,32.496,30.462,31.023,30.503,24.601,33.036,25.487,20.311
96.657,53.534,32.497,30.462,31.023,30.504,24.516,33.01,25.452,20.093
96.668,53.563,32.501,30.462,31.024,30.511,24.541,33.018,25.463,20.157
96.849,53.655,32.503,30.462,31.025,30.516,24.615,33.041,25.492,20.343
96.665,53.609,32.512,30.462,31.027,30.532,24.584,33.031,25.48,20.257
96.521,53.58,32.516,30.462,31.028,30.539,24.564,33.025,25.472,20.203
96.651,53.655,32.518,30.462,31.029,30.543,24.628,33.045,25.497,20.374
96.538,53.637,32.52,30.462,31.029,30.546,24.616,33.041,25.493,20.346
96.539,53.662,32.522,30.462,31.03,30.549,24.638,33.048,25.501,20.405
96.383,53.629,32.524,30.462,31.03,30.554,24.611,33.04,25.491,20.337
95.284,53.31,32.521,30.462,31.03,30.549,24.366,32.959,25.384,19.715
96.48,53.789,32.618,30.462,31.046,30.729,24.807,33.095,25.558,20.84
96.488,53.792,32.684,30.462,31.049,30.852,24.857,33.108,25.572,20.972
96.42,53.768,32.682,30.462,31.049,30.848,24.834,33.102,25.566,20.912
96.452,53.779,32.681,30.462,31.049,30.846,24.843,33.104,25.568,20.936
96.532,53.807,32.676,30.462,31.049,30.838,24.858,33.108,25.573,20.966
96.286,53.719,32.676,30.462,31.049,30.838,24.777,33.087,25.548,20.698
95.911,53.579,32.651,30.462,31.048,30.791,24.649,33.05,25.504,20.395
95.806,53.538,32.627,30.462,31.047,30.744,24.599,33.035,25.484,20.277
96.335,53.733,32.583,30.462,31.041,30.663,24.723,33.071,25.53,20.599
96.11,53.651,32.572,30.462,31.04,30.642,24.637,33.046,25.498,20.326
96.405,53.757,32.561,30.462,31.038,30.621,24.713,33.068,25.525,20.546
96.273,53.709,32.557,30.462,31.037,30.614,24.669,33.054,25.508,20.432
95.781,53.523,32.546,30.462,31.035,30.595,24.516,33.005,25.444,20.013
95.578,53.443,32.545,30.462,31.035,30.593,24.454,32.984,25.417,19.862
95.668,53.479,32.578,30.462,31.041,30.655,24.506,33.001,25.439,19.985
95.724,53.501,32.587,30.462,31.042,30.67,24.529,33.008,25.448,20.044
95.417,53.378,32.57,30.462,31.039,30.639,24.423,32.973,25.401,19.758
95.563,53.438,32.543,30.462,31.034,30.588,24.449,32.982,25.413,19.824
95.243,53.307,32.551,30.462,31.036,30.603,24.359,32.95,25.37,19.613
95.332,53.344,32.56,30.462,31.038,30.62,24.394,32.963,25.388,19.708
95.099,53.245,32.587,30.462,31.042,30.67,24.343,32.945,25.362,19.581
95.13,53.259,32.596,30.462,31.043,30.688,24.362,32.951,25.372,19.63
95.182,53.281,32.602,30.462,31.044,30.699,24.385,32.96,25.384,19.693
95.061,53.23,32.61,30.462,31.045,30.714,24.355,32.949,25.369,19.619
95.242,53.307,32.617,30.462,31.046,30.726,24.417,32.972,25.399,19.77
95.364,53.358,32.484,30.462,31.02,30.48,24.359,32.951,25.373,19.635
95.307,53.335,32.484,30.462,31.02,30.48,24.343,32.946,25.366,19.607
95.718,53.501,32.488,30.462,31.021,30.487,24.472,32.991,25.428,19.934
95.687,53.489,32.491,30.462,31.022,30.493,24.466,32.989,25.425,19.921
95.599,53.454,32.493,30.462,31.023,30.497,24.441,32.981,25.414,19.858
95.293,53.343,32.489,30.462,31.021,30.489,24.356,32.952,25.373,19.657
95.137,53.278,32.506,30.462,31.026,30.521,24.315,32.937,25.352,19.555
95.216,53.311,32.507,30.462,31.026,30.522,24.334,32.943,25.362,19.598
95.116,53.269,32.504,30.462,31.025,30.517,24.307,32.933,25.348,19.531
95.296,53.344,32.504,30.462,31.025,30.518,24.365,32.954,25.377,19.673
95.197,53.303,32.509,30.462,31.027,30.526,24.336,32.944,25.362,19.6
95.302,53.347,32.498,30.462,31.024,30.505,24.36,32.952,25.373,19.653
95.242,53.322,32.483,30.462,31.02,30.478,24.33,32.941,25.358,19.58
95.265,53.331,32.488,30.462,31.021,30.488,24.341,32.945,25.363,19.606
95.356,53.369,32.499,30.462,31.024,30.508,24.377,32.957,25.381,19.694
95.302,53.347,32.502,30.462,31.025,30.514,24.361,32.951,25.372,19.639
95.219,53.312,32.496,30.462,31.023,30.502,24.332,32.94,25.357,19.56
95.396,53.385,32.492,30.462,31.022,30.494,24.383,32.959,25.383,19.697
95.289,53.341,32.493,30.462,31.022,30.497,24.35,32.947,25.365,19.611
95.256,53.327,32.497,30.462,31.024,30.504,24.32,32.936,25.349,19.533
94.895,53.174,32.495,30.462,31.023,30.501,24.204,32.892,25.286,19.246
94.85,53.154,32.488,30.462,31.021,30.487,24.187,32.885,25.277,19.206
95.038,53.236,32.476,30.462,31.018,30.466,24.238,32.905,25.306,19.332
94.999,53.219,32.462,30.462,31.013,30.44,24.216,32.897,25.295,19.282
94.945,53.196,32.465,30.462,31.014,30.446,24.201,32.891,25.286,19.234
94.746,53.108,32.465,30.462,31.014,30.446,24.139,32.866,25.251,19.09
94.848,53.153,32.459,30.462,31.013,30.435,24.167,32.878,25.267,19.126
94.94,53.193,32.446,30.462,31.008,30.411,24.183,32.884,25.275,19.11
94.917,53.183,32.44,30.462,31.006,30.399,24.168,32.878,25.262,19.07
94.938,53.193,32.43,30.462,31.003,30.381,24.146,32.868,25.247,18.918
94.792,53.128,32.381,30.462,30.984,30.292,24.065,32.834,25.196,18.791
94.647,53.064,32.376,30.462,30.982,30.284,24.006,32.807,25.157,18.68
94.341,52.923,32.391,30.462,30.988,30.31,23.912,32.765,25.093,18.449
94.201,52.857,32.402,30.462,30.992,30.33,23.881,32.751,25.073,18.406
94.322,52.914,32.414,30.462,30.997,30.352,23.936,32.777,25.113,18.546
94.856,53.157,32.421,30.462,31,30.366,24.116,32.855,25.231,18.978
94.823,53.152,32.426,30.462,31.002,30.375,24.121,32.862,25.241,19.032
94.984,53.222,32.388,30.462,30.987,30.305,24.096,32.852,25.226,18.953
94.582,53.044,32.358,30.462,30.975,30.252,23.914,32.774,25.11,18.523
94.564,53.036,32.353,30.462,30.972,30.242,23.894,32.765,25.096,18.473
94.332,52.929,32.339,30.462,30.966,30.217,23.828,32.734,25.048,18.319
94.325,52.926,32.338,30.462,30.966,30.216,23.844,32.741,25.059,18.322
94.151,52.843,32.34,30.462,30.967,30.219,23.805,32.723,25.03,18.044
94.377,52.95,32.332,30.462,30.963,30.204,23.877,32.756,25.079,18.277
94.383,52.953,32.343,30.462,30.968,30.223,23.895,32.762,25.089,18.401
94.421,52.97,32.365,30.462,30.977,30.264,23.932,32.779,25.115,18.517
94.544,53.027,32.386,30.462,30.986,30.302,23.995,32.804,25.154,18.678
94.57,53.039,32.399,30.462,30.991,30.324,24.022,32.817,25.174,18.762
94.865,53.17,32.41,30.462,30.995,30.345,24.128,32.862,25.24,19.021
94.949,53.207,32.418,30.462,30.999,30.36,24.164,32.877,25.26,19.107
94.946,53.205,32.424,30.462,31.001,30.37,24.169,32.88,25.263,19.106
94.922,53.195,32.435,30.462,31.005,30.391,24.17,32.881,25.265,19.062
94.969,53.215,32.405,30.462,30.994,30.336,24.162,32.877,25.262,19.088
94.865,53.17,32.399,30.462,30.991,30.325,24.127,32.862,25.241,19.011
95.002,53.23,32.413,30.462,30.997,30.351,24.186,32.885,25.272,19.146
94.972,53.217,32.42,30.462,30.999,30.362,24.185,32.885,25.27,19.142
95.033,53.243,32.43,30.462,31.003,30.381,24.216,32.897,25.289,19.226
95.163,53.298,32.444,30.462,31.008,30.407,24.275,32.92,25.32,19.373
95.227,53.325,32.455,30.462,31.011,30.427,24.308,32.934,25.34,19.469
95.264,53.34,32.465,30.462,31.014,30.445,24.33,32.943,25.354,19.54
95.315,53.361,32.464,30.462,31.014,30.443,24.345,32.949,25.362,19.581
95.201,53.314,32.451,30.462,31.01,30.419,24.302,32.934,25.339,19.464
95.412,53.401,32.445,30.462,31.008,30.409,24.363,32.956,25.37,19.61
95.417,53.403,32.435,30.462,31.005,30.391,24.358,32.954,25.368,19.604
95.479,53.428,32.424,30.462,31.001,30.37,24.367,32.958,25.373,19.638
95.428,53.407,32.428,30.462,31.002,30.378,24.354,32.953,25.37,19.629
95.544,53.433,32.42,30.462,30.999,30.364,24.371,32.96,25.381,19.622
94.984,53.203,32.461,30.462,31.013,30.439,24.228,32.908,25.308,19.273
94.67,53.068,32.462,30.462,31.013,30.44,24.131,32.869,25.253,19.031
94.744,53.104,32.448,30.462,31.009,30.414,24.133,32.87,25.253,19.014
94.926,53.187,32.448,30.462,31.009,30.415,24.188,32.891,25.284,19.145
94.782,53.128,32.444,30.462,31.008,30.407,24.145,32.873,25.258,19.029
94.714,53.101,32.446,30.462,31.008,30.411,24.13,32.866,25.248,18.971
94.811,53.148,32.433,30.462,31.004,30.386,24.157,32.874,25.259,19.031
94.92,53.199,32.362,30.462,30.976,30.258,24.145,32.869,25.251,19.01
94.892,53.191,32.377,30.462,30.982,30.285,24.153,32.871,25.255,19.038
94.994,53.24,32.392,30.462,30.989,30.313,24.202,32.893,25.287,19.181
95.062,53.273,32.41,30.462,30.995,30.344,24.239,32.909,25.31,19.283
94.935,53.223,32.417,30.462,30.998,30.358,24.209,32.898,25.295,19.214
95.074,53.286,32.386,30.462,30.986,30.302,24.234,32.908,25.309,19.277
94.816,53.18,32.401,30.462,30.992,30.328,24.169,32.883,25.272,19.123
94.731,53.147,32.404,30.462,30.993,30.333,24.148,32.874,25.26,19.074
94.7,53.138,32.407,30.462,30.995,30.341,24.144,32.873,25.258,19.068
94.539,53.07,32.385,30.462,30.986,30.3,24.081,32.848,25.221,18.922
94.726,53.159,32.377,30.462,30.982,30.285,24.137,32.87,25.254,19.053
94.617,53.114,32.392,30.462,30.989,30.312,24.118,32.863,25.243,19.016
94.637,53.127,32.396,30.462,30.99,30.32,24.129,32.868,25.251,19.047
94.719,53.168,32.406,30.462,30.994,30.338,24.166,32.882,25.272,19.136
94.552,53.098,32.411,30.462,30.996,30.347,24.121,32.864,25.246,19.028
94.558,53.106,32.392,30.462,30.989,30.313,24.113,32.861,25.241,19.011
94.698,53.172,32.415,30.462,30.998,30.355,24.177,32.887,25.278,19.165
94.459,53.07,32.439,30.462,31.006,30.398,24.123,32.865,25.247,19.04
94.662,53.165,32.418,30.462,30.998,30.36,24.175,32.886,25.277,19.163
94.629,53.155,32.407,30.462,30.995,30.34,24.161,32.88,25.269,19.129
94.762,53.217,32.389,30.462,30.987,30.307,24.192,32.893,25.287,19.204
94.757,53.219,32.422,30.462,31,30.366,24.217,32.902,25.301,19.262
94.634,53.17,32.419,30.462,30.999,30.362,24.18,32.888,25.28,19.172
94.733,53.238,32.456,30.462,31.011,30.428,24.25,32.947,25.349,19.503
94.875,53.299,32.204,30.462,30.894,29.976,24.114,32.896,25.27,19.152
94.995,53.348,32.116,30.462,30.837,29.823,24.086,32.885,25.254,19.09
95.047,53.37,32.107,30.462,30.831,29.806,24.093,32.888,25.261,19.121
94.938,53.325,32.121,30.462,30.84,29.83,24.07,32.878,25.249,19.076
95.135,53.406,32.109,30.462,30.832,29.81,24.122,32.899,25.279,19.205
94.996,53.349,32.078,30.462,30.81,29.756,24.057,32.873,25.241,19.051
95.026,53.361,32.067,30.462,30.803,29.738,24.056,32.873,25.241,19.051
95.105,53.394,32.08,30.462,30.812,29.76,24.087,32.885,25.256,19.112
94.978,53.342,32.068,30.462,30.803,29.738,24.037,32.865,25.224,18.932
94.933,53.323,32.073,30.462,30.807,29.748,24.025,32.86,25.219,18.902
94.917,53.316,32.064,30.462,30.8,29.732,24.012,32.855,25.215,18.889
94.956,53.332,32.045,30.462,30.786,29.699,24.009,32.854,25.213,18.888
94.939,53.325,32.04,30.462,30.782,29.691,24.001,32.85,25.213,18.894
94.841,53.284,32.049,30.462,30.789,29.706,23.977,32.84,25.199,18.845
94.823,53.277,32.048,30.462,30.788,29.704,23.971,32.838,25.198,18.837
94.847,53.287,32.055,30.462,30.793,29.716,23.985,32.844,25.207,18.853
94.837,53.283,32.062,30.462,30.799,29.728,23.989,32.845,25.21,18.871
94.823,53.277,32.055,30.462,30.793,29.716,23.979,32.841,25.199,18.831
94.794,53.264,32.065,30.462,30.801,29.733,23.976,32.84,25.194,18.792
94.792,53.264,32.072,30.462,30.806,29.746,23.979,32.841,25.199,18.819
94.229,53.015,32.089,30.462,30.818,29.775,23.813,32.769,25.094,18.456
94.159,52.983,32.077,30.462,30.809,29.754,23.784,32.756,25.072,18.394
94.083,52.948,32.074,30.462,30.807,29.748,23.762,32.746,25.05,18.327
94.095,52.953,32.086,30.462,30.816,29.77,23.775,32.752,25.059,18.36
94.169,52.988,32.08,30.462,30.812,29.759,23.793,32.76,25.072,18.408
94.069,52.941,32.07,30.462,30.805,29.742,23.755,32.743,25.037,18.303
94.106,52.959,32.069,30.462,30.804,29.74,23.768,32.748,25.04,18.314
94.253,53.026,32.069,30.462,30.804,29.74,23.815,32.77,25.079,18.442
94.224,53.013,32.068,30.462,30.803,29.739,23.808,32.767,25.069,18.414
94.068,52.941,32.067,30.462,30.802,29.737,23.76,32.745,25.035,18.311
94.17,52.972,32.054,30.462,30.793,29.715,23.777,32.716,24.98,18.153
94.29,53.026,31.976,30.462,30.733,29.582,23.756,32.706,24.958,18.089
94.395,53.074,31.94,30.462,30.703,29.52,23.762,32.709,24.965,18.1
94.297,53.03,32.046,30.462,30.787,29.701,23.808,32.73,25.008,18.191
94.419,53.085,32.076,30.462,30.809,29.752,23.865,32.757,25.056,18.26
94.251,53.009,32.028,30.462,30.773,29.67,23.771,32.709,24.981,17.834
94.308,53.035,32.044,30.462,30.785,29.697,23.779,32.702,24.905,16.719
94.342,53.05,32.047,30.462,30.788,29.703,23.768,32.703,24.939,17.57
94.224,52.996,32.111,30.462,30.834,29.814,23.805,32.723,25.002,17.818
94.261,53.013,32.109,30.462,30.832,29.81,23.81,32.723,24.995,17.753
94.116,52.947,32.106,30.462,30.83,29.805,23.762,32.7,24.965,17.62
94.057,52.919,32.063,30.462,30.8,29.731,23.717,32.679,24.937,17.518
93.841,52.816,31.99,30.462,30.744,29.605,23.589,32.609,24.821,17.121
93.527,52.661,31.863,30.462,30.636,29.389,23.383,32.491,24.63,16.892
93.526,52.661,31.852,30.462,30.627,29.371,23.378,32.496,24.646,17.048
93.667,52.731,31.903,30.462,30.671,29.456,23.476,32.556,24.744,17.321
93.676,52.735,31.971,30.462,30.728,29.572,23.535,32.59,24.798,17.479
93.828,52.809,32.02,30.462,30.767,29.656,23.622,32.636,24.878,17.684
93.807,52.799,32.048,30.462,30.788,29.703,23.637,32.644,24.894,17.742
93.884,52.837,32.026,30.462,30.772,29.666,23.645,32.648,24.905,17.789
93.864,52.827,32.03,30.462,30.775,29.673,23.645,32.648,24.902,17.79
93.907,52.848,32.053,30.462,30.792,29.713,23.677,32.665,24.924,17.858
93.962,52.875,32.06,30.462,30.797,29.724,23.701,32.677,24.935,17.895
94.052,52.917,32.075,30.462,30.808,29.75,23.741,32.696,24.961,17.964
94.046,52.914,32.069,30.462,30.804,29.741,23.735,32.694,24.957,17.939
93.953,52.87,32.068,30.462,30.803,29.738,23.7,32.676,24.931,17.83
93.579,52.688,32.055,30.462,30.793,29.716,23.567,32.608,24.827,17.542
93.851,52.821,32.056,30.462,30.794,29.717,23.649,32.649,24.894,17.735
93.552,52.723,32.017,30.462,30.765,29.651,23.562,32.6,24.802,17.525
94.405,53.158,32.059,30.462,30.796,29.723,23.889,32.761,25.055,18.252
94.554,53.257,32.055,30.462,30.794,29.717,23.96,32.794,25.108,18.418
94.565,53.294,32.073,30.462,30.806,29.747,24.001,32.812,25.144,18.43
94.445,53.278,32.056,30.462,30.794,29.718,23.974,32.8,25.121,18.066
93.896,53.073,31.962,30.462,30.721,29.557,23.745,32.688,24.94,17.429
93.633,52.99,31.822,30.462,30.599,29.321,23.566,32.583,24.772,17.008
93.6,53.011,31.751,30.462,30.532,29.203,23.503,32.54,24.703,16.995
93.168,52.847,31.769,30.462,30.549,29.232,23.402,32.488,24.612,16.885
92.302,52.561,31.827,30.462,30.604,29.33,23.271,32.423,24.488,16.685
91.96,52.566,31.86,30.462,30.634,29.385,23.304,32.448,24.524,16.792
91.67,52.599,31.888,30.462,30.658,29.432,23.349,32.475,24.569,16.89
91.481,52.684,31.851,30.462,30.625,29.369,23.376,32.488,24.592,16.959
90.873,52.559,31.882,30.462,30.653,29.421,23.318,32.453,24.534,16.855
90.767,52.69,31.823,30.462,30.6,29.323,23.357,32.476,24.57,16.911
90.217,52.598,31.777,30.462,30.557,29.246,23.263,32.418,24.471,16.709
89.872,52.612,31.749,30.462,30.53,29.199,23.25,32.405,24.45,16.69
89.287,52.503,31.769,30.462,30.55,29.233,23.2,32.379,24.406,16.62
89.142,52.623,31.835,30.462,30.611,29.342,23.323,32.458,24.538,16.89
88.607,52.544,31.868,30.462,30.641,29.399,23.307,32.451,24.527,16.874
88.299,52.583,31.877,30.462,30.648,29.413,23.339,32.471,24.56,16.951
87.775,52.513,31.87,30.462,30.643,29.402,23.29,32.442,24.513,16.861
87.726,52.688,31.863,30.462,30.636,29.389,23.394,32.504,24.616,17.082
87.247,52.645,31.832,30.462,30.608,29.338,23.337,32.472,24.563,16.968
87.168,52.802,31.834,30.462,30.61,29.341,23.431,32.524,24.651,17.154
87.065,52.944,31.821,30.462,30.598,29.319,23.508,32.565,24.72,17.315
86.714,52.969,31.802,30.462,30.581,29.289,23.509,32.566,24.72,17.305
86.413,53.018,31.723,30.462,30.505,29.157,23.49,32.554,24.702,17.252
85.786,52.918,31.684,30.462,30.467,29.094,23.398,32.496,24.608,17.044
85.338,52.902,31.726,30.462,30.508,29.162,23.426,32.51,24.634,17.113
84.947,52.915,31.803,30.462,30.581,29.289,23.496,32.553,24.703,17.278
85.264,53.186,31.84,30.462,30.616,29.351,23.719,32.641,24.853,17.709
85.476,53.392,31.958,30.462,30.718,29.55,23.957,32.761,25.044,18.255
84.943,53.287,31.988,30.462,30.742,29.602,23.907,32.738,25.008,18.152
84.726,53.313,32.009,30.462,30.758,29.637,23.948,32.755,25.036,18.24
84.379,53.286,32.01,30.462,30.759,29.638,23.929,32.745,25.018,18.18
84.294,53.368,31.97,30.462,30.728,29.571,23.961,32.759,25.037,18.218
83.994,53.362,31.865,30.462,30.638,29.394,23.879,32.707,24.956,17.968
83.43,53.246,31.804,30.462,30.582,29.291,23.742,32.61,24.807,17.569
83.274,53.302,31.758,30.462,30.539,29.215,23.747,32.625,24.839,17.637
82.389,53.041,31.724,30.462,30.506,29.158,23.541,32.519,24.673,17.25
82.114,53.048,31.768,30.462,30.548,29.231,23.583,32.545,24.723,17.356
81.718,53.001,31.811,30.462,30.589,29.303,23.586,32.556,24.745,17.406
81.463,53.018,31.845,30.462,30.62,29.359,23.624,32.576,24.778,17.451
81.287,53.072,31.86,30.462,30.634,29.385,23.676,32.607,24.824,17.593
80.862,53.014,31.875,30.462,30.647,29.41,23.648,32.595,24.804,17.556
81.301,53.285,31.876,30.462,30.647,29.411,23.838,32.694,24.96,17.973
80.964,53.218,31.859,30.462,30.633,29.383,23.777,32.664,24.911,17.831
80.456,53.074,31.778,30.462,30.558,29.248,23.618,32.579,24.777,17.495
80.322,53.095,31.793,30.462,30.572,29.273,23.646,32.597,24.808,17.584
80.093,53.073,31.847,30.462,30.622,29.363,23.672,32.618,24.844,17.684
79.837,53.04,31.889,30.462,30.659,29.433,23.678,32.626,24.86,17.729
79.936,53.165,31.904,30.462,30.672,29.459,23.777,32.679,24.945,17.961
79.598,53.096,31.883,30.462,30.654,29.423,23.714,32.645,24.892,17.801
79.354,53.069,31.799,30.462,30.578,29.283,23.63,32.588,24.799,17.547
79.16,53.064,31.744,30.462,30.526,29.193,23.582,32.54,24.72,17.358
79.037,53.091,31.738,30.462,30.519,29.181,23.589,32.534,24.71,17.328
78.599,52.976,31.71,30.462,30.493,29.137,23.475,32.481,24.622,17.112
77.93,52.746,31.625,30.462,30.407,28.998,23.229,32.332,24.376,16.593
77.729,52.738,31.485,30.462,30.257,28.774,23.073,32.207,24.163,16.207
77.109,52.518,31.341,30.462,30.096,28.549,22.783,32,23.81,15.653
80.578,53.68,31.283,30.462,30.028,28.46,23.463,32.482,24.625,17.239
80.874,53.451,31.089,30.462,29.798,28.168,23.123,32.272,24.275,16.542
81.443,53.324,31.108,30.462,29.821,28.196,23.041,32.226,24.195,16.401
81.542,52.986,31.076,30.462,29.782,28.149,22.777,32.047,23.886,15.908
82.934,53.225,30.788,30.462,29.43,27.735,22.708,31.993,23.791,15.756
81.991,52.36,30.521,30.462,29.102,27.369,21.974,31.341,22.646,14.482
82.765,52.33,30.741,30.462,29.371,27.668,22.134,31.474,22.877,14.709
82.748,51.851,30.837,30.462,29.49,27.803,21.98,31.359,22.672,14.526
84.824,52.56,31.017,30.462,29.71,28.062,22.528,31.845,23.526,15.437
86.054,52.779,31.136,30.462,29.854,28.238,22.773,32.048,23.876,15.914
88.331,53.443,31.247,30.462,29.986,28.405,23.329,32.425,24.514,17.021
89.115,53.45,31.294,30.462,30.041,28.477,23.375,32.46,24.572,17.141
90.407,53.656,31.3,30.462,30.048,28.486,23.538,32.555,24.728,17.492
90.646,53.461,31.202,30.462,29.934,28.337,23.294,32.417,24.509,17
92.163,53.758,31.013,30.462,29.705,28.056,23.37,32.461,24.584,17.151
91.565,53.241,30.777,30.462,29.416,27.718,22.782,32.076,23.943,15.998
92.265,53.238,30.443,30.462,29.006,27.265,22.541,31.887,23.625,15.556
91.911,52.756,30.55,30.462,29.137,27.407,22.297,31.691,23.288,15.149
93.234,53.059,30.448,30.462,29.013,27.272,22.429,31.808,23.491,15.388
92.34,52.421,30.446,30.462,29.01,27.269,22.045,31.483,22.926,14.769
92.49,52.392,30.421,30.462,28.98,27.236,21.996,31.443,22.853,14.699
92.337,52.197,30.275,30.462,28.804,27.048,21.764,31.225,22.465,14.347
92.865,52.376,30.088,30.462,28.584,26.815,21.693,31.155,22.343,14.242
91.668,51.556,29.768,30.462,28.222,26.436,21.039,30.408,21.006,13.37
91.753,51.482,29.674,30.462,28.121,26.33,20.937,30.268,20.755,13.247
91.24,50.912,29.723,30.462,28.173,26.385,20.713,29.975,20.23,13.014
91.584,50.912,29.702,30.462,28.15,26.361,20.716,29.989,20.262,13.029
92.295,50.912,29.881,30.462,28.348,26.567,20.872,30.207,20.659,13.21
92.667,50.912,30.225,30.462,28.745,26.985,21.138,30.551,21.28,13.538
92.96,50.912,30.551,30.462,29.138,27.409,21.386,30.847,21.813,13.874
92.77,50.912,30.791,30.462,29.433,27.738,21.562,31.045,22.166,14.13
92.636,50.892,30.952,30.462,29.632,27.968,21.662,31.195,22.447,14.328
92.308,50.892,31.207,30.462,29.939,28.344,21.796,31.327,22.68,14.528
92.202,50.892,31.176,30.462,29.902,28.297,21.735,31.268,22.577,14.432
92.173,50.954,31.027,30.462,29.723,28.077,21.652,31.185,22.431,14.308
92.18,50.892,30.922,30.462,29.594,27.924,21.562,31.091,22.267,14.174
92.211,50.892,30.919,30.462,29.591,27.92,21.586,31.116,22.314,14.212
92.487,50.892,31.058,30.462,29.761,28.122,21.726,31.259,22.563,14.429
92.74,50.892,31.23,30.462,29.966,28.379,21.87,31.398,22.808,14.655
92.742,50.892,31.348,30.462,30.103,28.56,21.959,31.481,22.955,14.8
92.476,50.892,31.395,30.462,30.156,28.632,21.982,31.502,22.991,14.837
92.274,50.892,31.34,30.462,30.094,28.547,21.926,31.45,22.901,14.746
92.431,51.134,31.24,30.462,29.978,28.394,21.964,31.485,22.963,14.808
92.342,51.072,31.178,30.462,29.904,28.3,21.915,31.44,22.886,14.734
92.118,50.892,31.195,30.462,29.925,28.327,21.876,31.404,22.825,14.68
92.114,50.892,31.325,30.462,30.077,28.524,21.986,31.505,23.002,14.858
92.837,51.406,31.44,30.462,30.208,28.704,22.323,31.795,23.503,15.423
93.159,51.613,31.505,30.462,30.279,28.806,22.474,31.915,23.708,15.687
93.707,51.947,31.5,30.462,30.273,28.797,22.644,32.043,23.924,15.996
93.393,51.758,31.431,30.462,30.197,28.688,22.486,31.925,23.722,15.708
93.102,51.577,31.533,30.462,30.309,28.849,22.472,31.913,23.702,15.682
93.186,51.63,31.611,30.462,30.392,28.975,22.56,31.981,23.817,15.843
93.442,51.788,31.619,30.462,30.401,28.989,22.652,32.049,23.933,16.012
93.572,51.867,31.626,30.462,30.407,28.999,22.701,32.084,23.993,16.105
93.747,51.971,31.673,30.462,30.456,29.076,22.79,32.147,24.1,16.274
93.519,51.835,31.716,30.462,30.498,29.146,22.744,32.115,24.046,16.187
93.804,52.004,31.692,30.462,30.474,29.107,22.819,32.167,24.134,16.329
93.856,52.035,31.741,30.462,30.523,29.187,22.873,32.204,24.196,16.434
93.983,52.107,31.78,30.462,30.56,29.251,22.947,32.253,24.278,16.58
93.697,51.941,31.838,30.462,30.613,29.347,22.894,32.218,24.22,16.477
93.896,52.058,31.878,30.462,30.649,29.414,22.992,32.282,24.328,16.67
94.05,52.121,31.9,30.462,30.668,29.451,23.064,32.352,24.442,16.803
95.244,52.752,32.252,30.462,30.922,30.062,23.709,32.707,25.008,18.185
95.466,52.86,32.268,30.462,30.931,30.09,23.802,32.751,25.075,18.404
95.619,52.932,32.293,30.462,30.944,30.135,23.874,32.783,25.124,18.575
95.924,53.072,32.317,30.462,30.956,30.177,23.985,32.831,25.195,18.832
96.161,53.177,32.326,30.462,30.96,30.193,24.062,32.864,25.242,19.015
95.979,53.097,32.195,30.462,30.889,29.961,23.912,32.8,25.148,18.663
95.825,53.027,32.208,30.462,30.896,29.983,23.872,32.783,25.122,18.576
95.905,53.063,32.248,30.462,30.919,30.053,23.923,32.805,25.155,18.692
96.022,53.116,32.249,30.462,30.92,30.055,23.952,32.818,25.174,18.755
96.06,53.132,32.256,30.462,30.924,30.068,23.979,32.829,25.191,18.826
96.079,53.141,32.293,30.462,30.943,30.134,24.019,32.846,25.216,18.928
95.764,52.999,32.296,30.462,30.945,30.139,23.931,32.809,25.161,18.725
96.304,53.239,32.296,30.462,30.945,30.139,24.105,32.881,25.267,19.138
96.562,53.347,32.321,30.462,30.957,30.184,24.205,32.919,25.322,19.378
96.653,53.384,32.34,30.462,30.967,30.219,24.247,32.935,25.345,19.48
96.726,53.414,32.344,30.462,30.968,30.226,24.27,32.943,25.357,19.535
96.593,53.36,32.35,30.462,30.971,30.237,24.234,32.93,25.339,19.447
96.884,53.477,32.37,30.462,30.979,30.272,24.34,32.968,25.392,19.707
96.616,53.37,32.368,30.462,30.978,30.268,24.26,32.94,25.352,19.501
96.84,53.46,32.354,30.462,30.973,30.244,24.321,32.962,25.382,19.649
96.83,53.456,32.38,30.462,30.984,30.291,24.342,32.969,25.392,19.713
96.671,53.392,32.397,30.462,30.991,30.322,24.311,32.958,25.377,19.644
96.913,53.489,32.381,30.462,30.984,30.293,24.378,32.981,25.409,19.811
96.508,53.325,32.39,30.462,30.988,30.308,24.261,32.94,25.353,19.531
96.67,53.391,32.396,30.462,30.99,30.32,24.316,32.96,25.38,19.67
96.662,53.388,32.399,30.462,30.991,30.326,24.317,32.96,25.38,19.669
96.973,53.512,32.407,30.462,30.994,30.34,24.42,32.996,25.429,19.932
97.116,53.568,32.398,30.462,30.991,30.324,24.461,33.009,25.447,20.039
97.325,53.647,32.42,30.462,30.999,30.363,24.542,33.035,25.48,20.244
97.117,53.568,32.413,30.462,30.997,30.351,24.475,33.014,25.452,20.068
97.198,53.579,32.417,30.462,30.998,30.358,24.493,33.014,25.455,20.112
97.589,53.725,32.423,30.462,31,30.368,24.621,33.054,25.506,20.447
97.418,53.663,32.344,30.462,30.968,30.225,24.517,33.022,25.466,20.183
97.368,53.646,32.342,30.462,30.967,30.222,24.505,33.018,25.461,20.156
97.413,53.663,32.337,30.462,30.965,30.213,24.517,33.022,25.466,20.191
97.478,53.687,32.362,30.462,30.976,30.257,24.555,33.034,25.481,20.29
97.453,53.679,32.354,30.462,30.973,30.244,24.543,33.03,25.476,20.258
97.599,53.732,32.356,30.462,30.973,30.247,24.59,33.044,25.495,20.378
97.539,53.711,32.357,30.462,30.974,30.249,24.574,33.039,25.489,20.34
97.335,53.636,32.359,30.462,30.975,30.253,24.516,33.021,25.465,20.187
97.599,53.733,32.357,30.462,30.974,30.25,24.593,33.045,25.495,20.38
97.521,53.705,32.352,30.462,30.972,30.24,24.567,33.037,25.485,20.31
97.535,53.711,32.371,30.462,30.98,30.274,24.585,33.043,25.491,20.354
97.586,53.73,32.349,30.462,30.97,30.234,24.582,33.042,25.49,20.343
97.502,53.699,32.329,30.462,30.961,30.199,24.541,33.029,25.473,20.237
97.266,53.635,32.324,30.462,30.959,30.19,24.487,33.012,25.451,20.092
97.224,53.642,32.328,30.462,30.961,30.196,24.495,33.015,25.455,20.119
97.147,53.635,32.33,30.462,30.962,30.2,24.492,33.014,25.454,20.115
97.179,53.67,32.323,30.462,30.959,30.189,24.515,33.021,25.464,20.168
96.877,53.58,32.345,30.462,30.969,30.228,24.457,33.002,25.439,20.011
97.047,53.668,32.333,30.462,30.963,30.206,24.515,33.021,25.463,20.154
96.794,53.597,32.337,30.462,30.965,30.213,24.457,33.002,25.438,20.003
96.747,53.604,32.338,30.462,30.965,30.215,24.466,33.005,25.443,20.036
96.63,53.583,32.335,30.462,30.964,30.209,24.449,33,25.435,19.995
96.6,53.595,32.329,30.462,30.961,30.198,24.454,33.001,25.437,20.007
96.608,53.621,32.335,30.462,30.964,30.21,24.478,33.009,25.448,20.069
96.554,53.623,32.345,30.462,30.968,30.227,24.487,33.012,25.451,20.092
96.655,53.683,32.348,30.462,30.97,30.232,24.537,33.028,25.472,20.222
96.546,53.665,32.343,30.462,30.968,30.223,24.517,33.022,25.464,20.173
96.322,53.608,32.344,30.462,30.968,30.226,24.472,33.007,25.445,20.057
95.403,53.364,32.341,30.462,30.967,30.22,24.283,32.942,25.356,19.579
96.037,53.622,32.338,30.462,30.965,30.214,24.477,33.007,25.444,20.017
96.333,53.729,32.536,30.462,31.033,30.576,24.702,33.075,25.531,20.583
96.392,53.75,32.636,30.462,31.047,30.762,24.785,33.097,25.558,20.76
96.274,53.705,32.644,30.462,31.048,30.777,24.751,33.088,25.548,20.714
96.204,53.678,32.648,30.462,31.048,30.784,24.731,33.083,25.542,20.674
96.315,53.718,32.655,30.462,31.049,30.798,24.772,33.094,25.554,20.777
96.206,53.68,32.653,30.462,31.048,30.795,24.742,33.086,25.543,20.692
96.376,53.742,32.654,30.462,31.049,30.796,24.795,33.1,25.559,20.823
96.302,53.716,32.659,30.462,31.049,30.805,24.781,33.096,25.555,20.795
96.442,53.767,32.663,30.462,31.049,30.813,24.828,33.109,25.57,20.929
96.475,53.779,32.665,30.462,31.049,30.816,24.84,33.112,25.573,20.966
96.537,53.8,32.666,30.462,31.049,30.819,24.861,33.117,25.579,21.025
96.439,53.766,32.668,30.462,31.049,30.822,24.836,33.111,25.572,20.955
96.47,53.777,32.461,30.462,31.013,30.437,24.697,33.074,25.528,20.583
96.503,53.79,32.449,30.462,31.009,30.416,24.699,33.074,25.529,20.587
96.34,53.732,32.45,30.462,31.01,30.418,24.652,33.061,25.512,20.464
96.453,53.773,32.454,30.462,31.011,30.425,24.69,33.072,25.526,20.571
96.376,53.745,32.454,30.462,31.011,30.426,24.669,33.065,25.518,20.514
96.535,53.804,32.455,30.462,31.011,30.427,24.719,33.08,25.536,20.645
96.506,53.793,32.455,30.462,31.011,30.427,24.71,33.077,25.533,20.617
96.283,53.714,32.457,30.462,31.012,30.432,24.648,33.06,25.511,20.456
96.24,53.699,32.457,30.462,31.012,30.431,24.638,33.057,25.507,20.43
96.228,53.695,32.458,30.462,31.012,30.433,24.635,33.056,25.506,20.426
96.278,53.713,32.461,30.462,31.013,30.438,24.652,33.061,25.513,20.475
96.26,53.706,32.459,30.462,31.013,30.435,24.647,33.059,25.511,20.463
96.406,53.759,32.459,30.462,31.012,30.434,24.691,33.072,25.526,20.58
96.37,53.746,32.456,30.462,31.012,30.429,24.681,33.069,25.523,20.558
96.31,53.725,32.455,30.462,31.011,30.426,24.66,33.063,25.516,20.505
95.524,53.425,32.453,30.462,31.01,30.423,24.424,32.989,25.421,19.899
95.788,53.529,32.451,30.462,31.01,30.419,24.503,33.015,25.455,20.103
95.694,53.501,32.452,30.462,31.01,30.421,24.464,33.005,25.441,20.006
95.539,53.439,32.467,30.462,31.015,30.449,24.428,32.993,25.424,19.913
95.393,53.38,32.468,30.462,31.015,30.451,24.384,32.978,25.405,19.805
95.409,53.387,32.468,30.462,31.015,30.451,24.389,32.98,25.407,19.821
95.496,53.422,32.468,30.462,31.015,30.452,24.415,32.989,25.419,19.884
95.414,53.389,32.465,30.462,31.014,30.445,24.387,32.979,25.406,19.813
95.401,53.384,32.465,30.462,31.014,30.445,24.383,32.978,25.404,19.797
95.368,53.37,32.473,30.462,31.017,30.459,24.378,32.976,25.402,19.787
95.478,53.415,32.469,30.462,31.016,30.453,24.411,32.987,25.417,19.872
95.421,53.392,32.466,30.462,31.015,30.447,24.391,32.981,25.408,19.825
95.325,53.352,32.467,30.462,31.015,30.449,24.362,32.971,25.394,19.748
95.517,53.431,32.467,30.462,31.015,30.449,24.42,32.991,25.42,19.886
95.602,53.465,32.465,30.462,31.014,30.446,24.443,32.998,25.429,19.936
95.573,53.453,32.463,30.462,31.014,30.442,24.432,32.995,25.423,19.903
95.435,53.397,32.456,30.462,31.012,30.429,24.384,32.978,25.401,19.773
95.369,53.37,32.441,30.462,31.007,30.402,24.35,32.966,25.384,19.695
95.452,53.404,32.431,30.462,31.003,30.384,24.366,32.972,25.392,19.736
95.486,53.418,32.421,30.462,30.999,30.364,24.368,32.973,25.393,19.726
95.312,53.346,32.397,30.462,30.99,30.321,24.292,32.946,25.356,19.494
95.292,53.338,32.375,30.462,30.982,30.282,24.27,32.938,25.344,19.447
95.495,53.421,32.364,30.462,30.977,30.262,24.322,32.957,25.37,19.589
95.347,53.361,32.37,30.462,30.98,30.273,24.278,32.941,25.348,19.482
95.31,53.345,32.38,30.462,30.984,30.29,24.271,32.938,25.344,19.434
95.357,53.365,32.385,30.462,30.986,30.3,24.289,32.945,25.353,19.462
95.334,53.355,32.381,30.462,30.984,30.293,24.272,32.939,25.343,19.379
95.35,53.362,32.368,30.462,30.979,30.27,24.262,32.935,25.338,19.382
95.271,53.329,32.359,30.462,30.975,30.253,24.226,32.922,25.319,19.293
95.346,53.36,32.369,30.462,30.979,30.272,24.255,32.932,25.334,19.373
95.354,53.364,32.376,30.462,30.982,30.283,24.264,32.935,25.338,19.407
95.346,53.36,32.385,30.462,30.986,30.3,24.269,32.937,25.341,19.427
95.204,53.301,32.391,30.462,30.988,30.31,24.231,32.923,25.321,19.335
95.338,53.377,32.39,30.462,30.988,30.309,24.28,32.939,25.343,19.49
95.799,53.56,32.37,30.462,30.979,30.272,24.408,32.984,25.406,19.81
95.823,53.569,32.373,30.462,30.981,30.279,24.419,32.988,25.411,19.835
95.721,53.529,32.372,30.462,30.98,30.276,24.388,32.977,25.397,19.744
95.634,53.496,32.367,30.462,30.978,30.267,24.358,32.967,25.382,19.663
95.536,53.457,32.365,30.462,30.977,30.264,24.325,32.955,25.366,19.585
95.572,53.471,32.365,30.462,30.978,30.264,24.335,32.959,25.371,19.616
95.566,53.469,32.369,30.462,30.979,30.271,24.337,32.959,25.374,19.639
95.567,53.469,32.374,30.462,30.981,30.279,24.342,32.961,25.381,19.676
95.586,53.477,32.378,30.462,30.983,30.288,24.353,32.965,25.388,19.717
95.639,53.498,32.381,30.462,30.984,30.293,24.373,32.972,25.398,19.769
95.602,53.483,32.381,30.462,30.984,30.293,24.363,32.968,25.391,19.734
95.672,53.511,32.385,30.462,30.986,30.3,24.388,32.977,25.401,19.792
95.638,53.497,32.391,30.462,30.988,30.31,24.384,32.976,25.399,19.783
95.633,53.495,32.396,30.462,30.99,30.319,24.389,32.977,25.402,19.797
95.65,53.502,32.398,30.462,30.991,30.323,24.394,32.979,25.404,19.8
95.642,53.499,32.391,30.462,30.988,30.31,24.384,32.976,25.398,19.754
95.625,53.492,32.363,30.462,30.977,30.26,24.356,32.966,25.386,19.687
95.66,53.506,32.355,30.462,30.973,30.246,24.358,32.967,25.387,19.703
95.641,53.498,32.371,30.462,30.98,30.274,24.365,32.969,25.39,19.726
95.682,53.514,32.365,30.462,30.977,30.263,24.376,32.973,25.395,19.756
95.629,53.494,32.383,30.462,30.985,30.297,24.374,32.972,25.394,19.75
95.649,53.502,32.391,30.462,30.988,30.311,24.383,32.975,25.399,19.771
95.675,53.512,32.383,30.462,30.985,30.296,24.38,32.974,25.397,19.751
95.626,53.492,32.365,30.462,30.978,30.264,24.348,32.963,25.381,19.665
95.679,53.513,32.365,30.462,30.978,30.264,24.365,32.969,25.389,19.714
95.668,53.509,32.362,30.462,30.976,30.258,24.363,32.968,25.387,19.715
95.646,53.5,32.38,30.462,30.984,30.29,24.373,32.972,25.392,19.749
95.7,53.521,32.406,30.462,30.994,30.337,24.41,32.985,25.41,19.84
95.685,53.515,32.415,30.462,30.997,30.354,24.409,32.984,25.408,19.827
95.664,53.519,32.401,30.462,30.992,30.329,24.42,32.975,25.391,19.775
95.249,53.356,32.39,30.462,30.988,30.308,24.286,32.927,25.322,19.31
95.127,53.309,32.36,30.462,30.975,30.255,24.222,32.901,25.283,19.15
95.067,53.288,32.325,30.462,30.959,30.192,24.169,32.879,25.252,18.856
95.147,53.326,32.291,30.462,30.943,30.131,24.137,32.862,25.227,18.85
95.09,53.306,32.309,30.462,30.952,30.163,24.144,32.862,25.226,18.92
94.728,53.154,32.324,30.462,30.959,30.19,24.048,32.823,25.17,18.732
94.706,53.148,32.327,30.462,30.96,30.196,24.048,32.825,25.175,18.768
94.887,53.231,32.334,30.462,30.964,30.208,24.096,32.847,25.212,18.902
94.798,53.197,32.245,30.462,30.918,30.048,23.994,32.804,25.15,18.642
94.614,53.121,32.241,30.462,30.916,30.042,23.942,32.781,25.115,18.556
94.853,53.229,32.26,30.462,30.926,30.076,24.035,32.822,25.175,18.773
94.474,53.066,32.272,30.462,30.933,30.097,23.931,32.778,25.106,18.54
94.757,53.195,32.277,30.462,30.935,30.106,24.013,32.815,25.165,18.743
94.647,53.152,32.274,30.462,30.934,30.101,23.94,32.783,25.118,18.556
94.649,53.156,32.267,30.462,30.93,30.087,23.932,32.78,25.112,18.537
94.734,53.198,32.262,30.462,30.927,30.079,23.932,32.78,25.111,18.54
94.319,53.017,32.256,30.462,30.924,30.068,23.729,32.685,24.965,18.052
94.211,52.972,32.253,30.462,30.922,30.063,23.674,32.658,24.923,17.935
94.114,52.931,32.261,30.462,30.927,30.078,23.65,32.646,24.906,17.888
94.334,53.037,32.265,30.462,30.929,30.084,23.735,32.687,24.974,18.071
94.245,53,32.235,30.462,30.912,30.031,23.715,32.678,24.96,18.046
94.449,53.097,32.267,30.462,30.93,30.088,23.827,32.732,25.043,18.311
94.427,53.092,32.275,30.462,30.934,30.102,23.846,32.741,25.057,18.366
94.452,53.107,32.277,30.462,30.935,30.105,23.876,32.755,25.079,18.446
94.483,53.125,32.289,30.462,30.941,30.126,23.913,32.773,25.106,18.542
94.54,53.154,32.262,30.462,30.927,30.078,23.927,32.779,25.114,18.575
94.591,53.181,32.3,30.462,30.947,30.147,23.984,32.804,25.145,18.689
94.643,53.207,32.284,30.462,30.939,30.118,24,32.811,25.155,18.729
94.66,53.219,32.308,30.462,30.951,30.162,24.034,32.826,25.179,18.816
94.644,53.216,32.311,30.462,30.953,30.167,24.041,32.83,25.184,18.835
94.527,53.135,32.324,30.462,30.959,30.19,24.081,32.84,25.197,18.966
94.943,53.313,32.328,30.462,30.961,30.196,24.211,32.894,25.277,19.289
94.88,53.287,32.252,30.462,30.922,30.061,24.14,32.865,25.235,19.117
94.897,53.294,32.254,30.462,30.923,30.064,24.151,32.869,25.239,19.134
94.916,53.303,32.295,30.462,30.945,30.138,24.193,32.886,25.261,19.227
94.962,53.322,32.283,30.462,30.938,30.116,24.197,32.889,25.264,19.243
94.959,53.321,32.271,30.462,30.932,30.095,24.184,32.884,25.258,19.214
94.906,53.298,32.261,30.462,30.927,30.077,24.156,32.873,25.241,19.144
94.963,53.322,32.252,30.462,30.922,30.061,24.163,32.872,25.241,19.141
94.957,53.319,32.249,30.462,30.92,30.057,24.155,32.867,25.235,19.117
94.832,53.265,32.24,30.462,30.915,30.039,24.107,32.839,25.196,18.963
94.956,53.317,32.247,30.462,30.919,30.052,24.147,32.846,25.208,19.009
94.854,53.274,32.251,30.462,30.921,30.06,24.119,32.838,25.198,18.975
94.969,53.322,32.238,30.462,30.914,30.036,24.146,32.853,25.221,19.063
94.785,53.245,32.277,30.462,30.935,30.105,24.118,32.844,25.207,19.005
94.697,53.207,32.241,30.462,30.915,30.041,24.063,32.82,25.167,18.853
94.024,52.904,32.259,30.462,30.926,30.074,23.866,32.728,25.026,18.378
94.06,52.921,32.249,30.462,30.92,30.056,23.869,32.728,25.025,18.374
94.121,52.949,32.238,30.462,30.914,30.037,23.881,32.733,25.033,18.399
94.069,52.924,32.241,30.462,30.916,30.042,23.867,32.73,25.027,18.382
94.079,52.929,32.261,30.462,30.927,30.077,23.886,32.741,25.045,18.438
94.088,52.933,32.241,30.462,30.915,30.041,23.875,32.739,25.042,18.43
94.088,52.934,32.245,30.462,30.918,30.049,23.879,32.742,25.048,18.443
94.104,52.941,32.268,30.462,30.93,30.089,23.901,32.744,25.042,18.412
94.067,52.924,32.294,30.462,30.944,30.137,23.909,32.729,25.016,18.336
94.089,52.934,32.342,30.462,30.967,30.223,23.95,32.747,25.049,18.444
94.151,52.963,32.331,30.462,30.962,30.202,23.962,32.757,25.065,18.496
94.047,52.915,32.337,30.462,30.965,30.213,23.933,32.749,25.05,18.438
94.006,52.896,32.294,30.462,30.944,30.135,23.887,32.709,24.967,18.122
94.097,52.938,32.181,30.462,30.88,29.936,23.815,32.631,24.816,17.709
93.712,52.754,32.131,30.462,30.847,29.848,23.642,32.491,24.605,17.239
93.666,52.732,32.18,30.462,30.879,29.935,23.65,32.545,24.706,17.491
93.959,52.874,32.184,30.462,30.882,29.942,23.753,32.63,24.849,17.854
93.891,52.842,32.199,30.462,30.891,29.967,23.749,32.643,24.874,17.925
94.194,52.984,32.302,30.462,30.948,30.15,23.925,32.738,25.025,18.367
94.18,52.978,32.322,30.462,30.958,30.187,23.941,32.751,25.047,18.436
94.219,52.996,32.305,30.462,30.95,30.156,23.944,32.757,25.058,18.473
94.155,52.966,32.331,30.462,30.962,30.202,23.946,32.76,25.064,18.495
94.216,52.995,32.314,30.462,30.954,30.172,23.956,32.767,25.076,18.533
94.3,53.033,32.315,30.462,30.955,30.174,23.985,32.782,25.1,18.616
94.21,52.992,32.336,30.462,30.965,30.212,23.974,32.779,25.096,18.605
94.194,52.984,32.343,30.462,30.968,30.224,23.975,32.782,25.104,18.632
94.145,52.962,32.346,30.462,30.969,30.228,23.963,32.778,25.1,18.62
94.222,52.997,32.351,30.462,30.971,30.239,23.993,32.793,25.124,18.701
94.176,52.976,32.34,30.462,30.966,30.219,23.971,32.784,25.112,18.658
94.105,52.943,32.365,30.462,30.977,30.264,23.967,32.784,25.11,18.654
94.184,52.98,32.364,30.462,30.977,30.263,23.991,32.793,25.123,18.695
94.058,52.921,32.319,30.462,30.957,30.181,23.917,32.753,25.047,18.434
94.235,53.003,32.327,30.462,30.96,30.195,23.976,32.764,25.041,18.412
93.925,52.858,32.17,30.462,30.873,29.917,23.766,32.638,24.851,17.862
93.962,52.876,32.13,30.462,30.847,29.847,23.749,32.597,24.796,17.723
93.825,52.81,32.187,30.462,30.884,29.947,23.747,32.616,24.831,17.816
93.963,52.877,32.195,30.462,30.889,29.961,23.798,32.657,24.9,18.002
93.924,52.858,32.235,30.462,30.912,30.031,23.815,32.675,24.932,18.094
94.05,52.917,32.253,30.462,30.922,30.062,23.868,32.707,24.985,18.249
93.942,52.867,32.215,30.462,30.901,29.996,23.807,32.679,24.941,18.121
94.01,52.899,32.208,30.462,30.896,29.983,23.82,32.685,24.949,18.144
93.913,52.852,32.205,30.462,30.894,29.978,23.786,32.67,24.926,18.079
94.028,52.907,32.206,30.462,30.895,29.98,23.819,32.684,24.95,18.146
93.664,52.771,32.217,30.462,30.902,30,23.739,32.669,24.92,17.977
94.633,53.25,32.149,30.462,30.859,29.879,24.018,32.801,25.123,18.609
94.547,53.247,32.161,30.462,30.867,29.901,24.025,32.805,25.13,18.635
94.468,53.247,32.157,30.462,30.864,29.893,24.023,32.805,25.131,18.627
94.379,53.243,32.166,30.462,30.87,29.91,24.028,32.808,25.136,18.639
94.326,53.255,32.182,30.462,30.88,29.937,24.047,32.817,25.149,18.68
94.279,53.269,32.161,30.462,30.867,29.9,24.04,32.814,25.145,18.674
94.115,53.233,32.18,30.462,30.879,29.935,24.022,32.806,25.133,18.625
94.164,53.288,32.14,30.462,30.853,29.864,24.017,32.801,25.124,18.581
93.969,53.239,32.12,30.462,30.84,29.83,23.949,32.755,25.051,18.331
93.955,53.267,32.062,30.462,30.799,29.729,23.91,32.726,25.005,18.196
93.733,53.206,32.054,30.462,30.793,29.714,23.855,32.7,24.964,18.079
93.569,53.17,32.043,30.462,30.784,29.695,23.822,32.685,24.94,18.011
93.493,53.172,31.968,30.462,30.726,29.567,23.77,32.654,24.892,17.88
93.407,53.17,31.986,30.462,30.741,29.598,23.783,32.662,24.904,17.91
93.215,53.121,31.969,30.462,30.727,29.569,23.735,32.635,24.861,17.796
93.213,53.157,31.978,30.462,30.734,29.584,23.766,32.652,24.886,17.856
93.171,53.174,31.915,30.462,30.681,29.476,23.729,32.631,24.847,17.745
92.94,53.108,31.845,30.462,30.62,29.359,23.629,32.573,24.747,17.493
92.885,53.12,31.812,30.462,30.59,29.305,23.613,32.559,24.722,17.448
92.676,53.064,31.833,30.462,30.61,29.34,23.595,32.556,24.719,17.446
92.657,53.093,31.839,30.462,30.615,29.349,23.624,32.578,24.754,17.532
92.481,53.05,31.746,30.462,30.528,29.196,23.525,32.518,24.656,17.29
92.539,53.114,31.628,30.462,30.41,29.003,23.475,32.479,24.59,17.136
92.939,53.321,31.588,30.462,30.368,28.938,23.586,32.538,24.689,17.354
92.655,53.236,31.601,30.462,30.381,28.959,23.529,32.515,24.652,17.262
92.505,53.207,31.646,30.462,30.428,29.032,23.543,32.529,24.676,17.31
92.224,53.121,31.701,30.462,30.483,29.121,23.528,32.528,24.675,17.318
91.407,52.872,31.788,30.462,30.568,29.265,23.427,32.479,24.596,17.149
90.95,52.812,31.777,30.462,30.558,29.247,23.381,32.457,24.56,17.07
90.646,52.825,31.774,30.462,30.554,29.241,23.387,32.457,24.56,17.074
89.874,52.627,31.704,30.462,30.487,29.127,23.201,32.387,24.453,16.769
89.826,52.784,31.785,30.462,30.565,29.259,23.365,32.486,24.618,17.122
89.435,52.772,31.863,30.462,30.636,29.389,23.417,32.517,24.671,17.239
89.013,52.747,31.781,30.462,30.561,29.253,23.34,32.475,24.604,17.084
88.695,52.774,31.73,30.462,30.512,29.169,23.311,32.459,24.577,17.022
88.265,52.748,31.65,30.462,30.432,29.039,23.223,32.405,24.49,16.843
87.745,52.678,31.589,30.462,30.369,28.94,23.12,32.34,24.381,16.628
87.062,52.525,31.537,30.462,30.314,28.856,22.973,32.245,24.219,16.333
86.648,52.51,31.516,30.462,30.291,28.823,22.939,32.222,24.182,16.268
86.091,52.422,31.57,30.462,30.349,28.91,22.919,32.209,24.16,16.229
85.56,52.347,31.61,30.462,30.391,28.974,22.894,32.194,24.133,16.178
85.197,52.364,31.644,30.462,30.426,29.029,22.909,32.205,24.152,16.201
84.631,52.273,31.582,30.462,30.361,28.928,22.777,32.114,24,15.945
83.975,52.13,31.527,30.462,30.303,28.84,22.642,32.016,23.837,15.703
83.213,51.922,31.467,30.462,30.237,28.746,22.489,31.9,23.639,15.449
83.2,52.058,31.606,30.462,30.387,28.968,22.683,32.046,23.891,15.808
83.35,52.282,31.667,30.462,30.449,29.065,22.882,32.187,24.132,16.194
83.329,52.404,31.716,30.462,30.498,29.145,23.012,32.275,24.281,16.456
82.595,52.137,31.754,30.462,30.535,29.208,22.899,32.201,24.156,16.252
83.217,52.606,31.772,30.462,30.552,29.238,23.199,32.394,24.479,16.826
82.592,52.411,31.837,30.462,30.612,29.345,23.139,32.357,24.418,16.709
82.886,52.693,31.9,30.462,30.669,29.452,23.36,32.488,24.633,17.162
82.394,52.573,31.92,30.462,30.686,29.485,23.303,32.454,24.579,17.05
82.418,52.713,31.899,30.462,30.668,29.451,23.382,32.499,24.652,17.215
82.083,52.673,31.889,30.462,30.659,29.433,23.351,32.482,24.626,17.158
81.898,52.709,31.893,30.462,30.663,29.441,23.371,32.494,24.647,17.199
81.494,52.636,31.819,30.462,30.596,29.315,23.242,32.419,24.524,16.916
81.121,52.577,31.672,30.462,30.454,29.074,23.078,32.319,24.357,16.575
80.417,52.343,31.634,30.462,30.416,29.013,22.9,32.2,24.158,16.237
80.12,52.323,31.693,30.462,30.475,29.107,22.925,32.217,24.186,16.284
83.377,53.491,31.687,30.462,30.47,29.099,23.685,32.676,24.944,17.734
84.539,53.651,31.652,30.462,30.434,29.041,23.743,32.704,24.988,17.833
84.609,53.391,31.518,30.462,30.293,28.826,23.41,32.532,24.714,17.092
85.425,53.427,31.358,30.462,30.114,28.575,23.313,32.477,24.624,16.88
85.446,53.134,31.182,30.462,29.909,28.306,22.987,32.278,24.296,16.258
86.186,53.149,31.079,30.462,29.786,28.153,22.948,32.253,24.254,16.22
86.716,53.075,31.142,30.462,29.862,28.247,22.966,32.264,24.277,16.287
88.193,53.412,31.145,30.462,29.865,28.251,23.212,32.418,24.531,16.771
88.428,53.227,31.201,30.462,29.931,28.335,23.123,32.364,24.441,16.603
89.541,53.413,31.314,30.462,30.064,28.507,23.345,32.495,24.657,17.058
89.816,53.253,31.314,30.462,30.064,28.508,23.246,32.438,24.567,16.866
91.142,53.529,31.376,30.462,30.136,28.604,23.506,32.584,24.804,17.42
91.777,53.527,31.52,30.462,30.295,28.829,23.618,32.642,24.896,17.675
93.015,53.754,31.628,30.462,30.409,29.003,23.889,32.772,25.098,18.282
93.525,53.714,31.651,30.462,30.433,29.039,23.876,32.766,25.089,18.259
94.401,53.813,31.645,30.462,30.427,29.031,23.954,32.8,25.142,18.434
94.958,53.799,31.555,30.462,30.332,28.884,23.858,32.758,25.077,18.223
93.897,53.312,31.579,30.462,30.358,28.924,23.479,32.569,24.782,17.397
93.901,53.226,31.423,30.462,30.188,28.676,23.278,32.457,24.601,16.976
93.828,53.104,31.28,30.462,30.024,28.455,23.069,32.33,24.392,16.55
93.856,53.025,31.258,30.462,29.999,28.422,22.975,32.271,24.288,16.352
93.561,52.791,31.192,30.462,29.921,28.321,22.776,32.136,24.063,15.969
93.548,52.684,31.147,30.462,29.867,28.254,22.675,32.064,23.941,15.74
93.736,52.678,31.183,30.462,29.91,28.308,22.694,32.078,23.961,15.81
94.206,52.811,31.287,30.462,30.033,28.466,22.875,32.204,24.173,16.166
94.663,52.935,31.338,30.462,30.092,28.544,23.006,32.29,24.318,16.406
94.686,52.852,31.129,30.462,29.847,28.228,22.788,32.144,24.075,15.876
94.839,52.831,30.732,30.462,29.36,27.655,22.481,31.919,23.691,15.318
95.051,52.839,30.613,30.462,29.214,27.492,22.413,31.866,23.59,15.21
94.933,52.688,30.787,30.462,29.429,27.733,22.46,31.903,23.651,15.336
95.185,52.718,30.923,30.462,29.596,27.926,22.594,32.005,23.827,15.591
93.728,51.929,31.031,30.462,29.728,28.082,22.243,31.742,23.382,15.058
93.185,51.596,31.212,30.462,29.944,28.351,22.214,31.718,23.345,15.033
93.675,51.897,31.223,30.462,29.958,28.369,22.391,31.863,23.6,15.344
93.485,51.783,31.113,30.462,29.827,28.204,22.248,31.746,23.402,15.105
93.787,51.963,30.837,30.462,29.49,27.803,22.127,31.644,23.227,14.9
93.303,51.67,30.773,30.462,29.411,27.713,21.925,31.463,22.913,14.564
92.86,51.387,30.821,30.462,29.47,27.78,21.828,31.372,22.752,14.416
92.917,51.425,30.961,30.462,29.642,27.98,21.951,31.487,22.952,14.556
93.38,51.719,31.059,30.462,29.762,28.124,22.164,31.676,23.278,14.916
93.4,51.731,31.122,30.462,29.838,28.217,22.185,31.693,23.309,14.974
93.688,51.904,31.15,30.462,29.871,28.258,22.264,31.76,23.424,15.119
93.603,51.853,31.25,30.462,29.989,28.409,22.312,31.799,23.493,15.218
93.987,52.079,31.371,30.462,30.13,28.595,22.549,31.985,23.812,15.632
93.71,51.918,31.37,30.462,30.129,28.594,22.477,31.93,23.718,15.503
94.13,52.161,31.439,30.462,30.206,28.702,22.677,32.078,23.971,15.878
94.144,52.169,31.535,30.462,30.311,28.853,22.77,32.144,24.084,16.065
94.722,52.483,31.597,30.462,30.377,28.953,23.014,32.307,24.356,16.536
94.553,52.394,31.615,30.462,30.396,28.982,22.975,32.282,24.316,16.465
94.758,52.502,31.639,30.462,30.42,29.02,23.058,32.335,24.404,16.628
94.818,52.533,31.64,30.462,30.422,29.023,23.086,32.352,24.433,16.692
94.767,52.507,31.69,30.462,30.473,29.104,23.101,32.362,24.449,16.719
94.74,52.493,31.728,30.462,30.509,29.165,23.112,32.368,24.459,16.737
94.548,52.391,31.771,30.462,30.552,29.237,23.076,32.346,24.423,16.656
94.616,52.427,31.726,30.462,30.508,29.162,23.063,32.338,24.41,16.629
94.206,52.205,31.786,30.462,30.566,29.261,22.974,32.281,24.316,16.459
94.317,52.266,31.799,30.462,30.578,29.283,23.021,32.311,24.366,16.561
94.23,52.218,31.822,30.462,30.599,29.321,23.017,32.309,24.362,16.567
94.07,52.127,31.825,30.462,30.602,29.326,22.98,32.285,24.323,16.507
94.358,52.288,31.859,30.462,30.632,29.383,23.107,32.365,24.455,16.761
94.546,52.391,31.88,30.462,30.651,29.419,23.191,32.416,24.539,16.935
94.77,52.508,31.891,30.462,30.661,29.437,23.283,32.46,24.61,16.959
96.021,53.111,32.227,30.462,30.907,30.016,23.924,32.787,25.124,18.339
96.168,53.176,32.258,30.462,30.925,30.072,23.998,32.819,25.172,18.512
96.063,53.13,32.281,30.462,30.937,30.113,23.99,32.816,25.168,18.504
96.379,53.267,32.326,30.462,30.96,30.193,24.127,32.873,25.251,18.839
96.744,53.418,32.352,30.462,30.972,30.241,24.259,32.924,25.326,19.158
96.533,53.332,32.379,30.462,30.983,30.289,24.216,32.908,25.303,19.048
96.395,53.274,32.383,30.462,30.985,30.295,24.187,32.897,25.287,19.001
96.482,53.311,32.391,30.462,30.988,30.311,24.226,32.912,25.309,19.115
96.582,53.352,32.427,30.462,31.002,30.375,24.286,32.934,25.341,19.275
96.755,53.423,32.438,30.462,31.006,30.396,24.351,32.958,25.374,19.449
96.766,53.427,32.452,30.462,31.01,30.422,24.366,32.963,25.381,19.485
96.83,53.453,32.46,30.462,31.013,30.436,24.392,32.972,25.394,19.54
96.846,53.459,32.477,30.462,31.018,30.468,24.412,32.979,25.403,19.583
96.945,53.498,32.48,30.462,31.019,30.474,24.444,32.99,25.418,19.65
97.087,53.554,32.496,30.462,31.023,30.502,24.499,33.008,25.442,19.788
97.06,53.543,32.503,30.462,31.025,30.515,24.498,33.008,25.442,19.786
96.97,53.508,32.477,30.462,31.018,30.468,24.453,32.993,25.422,19.677
97.007,53.523,32.45,30.462,31.01,30.418,24.444,32.99,25.417,19.627
97.082,53.552,32.227,30.462,30.907,30.016,24.303,32.94,25.35,19.29
96.726,53.411,32.216,30.462,30.901,29.998,24.184,32.895,25.286,19.036
97.021,53.528,32.226,30.462,30.907,30.015,24.283,32.933,25.339,19.275
97.101,53.559,32.238,30.462,30.914,30.036,24.319,32.946,25.357,19.355
97.175,53.588,32.273,30.462,30.933,30.099,24.371,32.965,25.383,19.471
97.305,53.637,32.266,30.462,30.929,30.086,24.411,32.979,25.402,19.567
97.202,53.598,32.27,30.462,30.932,30.094,24.386,32.97,25.391,19.547
97.21,53.601,32.28,30.462,30.937,30.112,24.398,32.974,25.397,19.586
97.323,53.644,32.299,30.462,30.947,30.146,24.449,32.992,25.421,19.707
97.457,53.693,32.3,30.462,30.947,30.147,24.491,33.006,25.44,19.822
97.292,53.632,32.285,30.462,30.94,30.121,24.431,32.986,25.413,19.681
97.38,53.665,32.305,30.462,30.95,30.156,24.472,32.999,25.432,19.789
97.413,53.676,32.314,30.462,30.954,30.173,24.487,33.002,25.436,19.762
97.421,53.679,32.092,30.462,30.82,29.78,24.329,32.947,25.362,19.368
97.637,53.757,31.935,30.462,30.698,29.51,24.28,32.929,25.336,19.243
97.598,53.743,32.19,30.462,30.886,29.952,24.45,32.99,25.42,19.68
97.724,53.788,32.154,30.462,30.863,29.888,24.458,32.992,25.423,19.682
97.679,53.771,32.179,30.462,30.878,29.932,24.457,32.992,25.423,19.689
97.744,53.794,32.268,30.462,30.93,30.09,24.539,33.019,25.458,19.864
97.561,53.729,32.405,30.462,30.994,30.336,24.58,33.032,25.475,20.003
97.652,53.761,32.414,30.462,30.997,30.352,24.614,33.042,25.489,20.102
97.716,53.784,32.418,30.462,30.999,30.36,24.641,33.05,25.499,20.17
97.734,53.791,32.419,30.462,30.999,30.361,24.653,33.054,25.504,20.2
97.701,53.78,32.407,30.462,30.994,30.339,24.638,33.049,25.498,20.164
97.693,53.777,32.421,30.462,30.999,30.364,24.646,33.052,25.501,20.18
97.787,53.814,32.425,30.462,31.001,30.372,24.681,33.062,25.514,20.271
97.747,53.814,32.426,30.462,31.001,30.374,24.681,33.062,25.514,20.276
97.537,53.744,32.436,30.462,31.005,30.393,24.628,33.046,25.494,20.126
97.402,53.718,32.402,30.462,30.992,30.33,24.581,33.032,25.476,20.008
97.241,53.683,32.396,30.462,30.99,30.319,24.547,33.021,25.462,19.936
97.268,53.715,32.38,30.462,30.984,30.291,24.564,33.027,25.469,19.984
97.242,53.729,32.39,30.462,30.988,30.308,24.583,33.032,25.476,20.03
97.132,53.712,32.385,30.462,30.986,30.3,24.565,33.027,25.469,19.993
97.093,53.721,32.386,30.462,30.986,30.302,24.569,33.028,25.47,19.859
96.744,53.616,32.372,30.462,30.98,30.276,24.469,32.996,25.428,19.652
96.463,53.532,32.336,30.462,30.964,30.211,24.369,32.962,25.381,19.386
96.718,53.653,32.329,30.462,30.961,30.199,24.441,32.986,25.415,19.302
96.308,53.522,32.282,30.462,30.938,30.114,24.298,32.936,25.345,18.952
96.175,53.495,32.276,30.462,30.935,30.103,24.278,32.929,25.334,19.049
96.142,53.508,32.296,30.462,30.945,30.14,24.309,32.94,25.351,19.208
96.091,53.513,32.332,30.462,30.963,30.204,24.344,32.953,25.368,19.317
96.09,53.538,32.368,30.462,30.979,30.269,24.395,32.971,25.393,19.475
94.933,53.185,32.362,30.462,30.976,30.258,24.133,32.873,25.255,18.868
