43102,189.85,6881,5831.1,5486.4,5385.4,5264.1,14763,23971,19711,16276,30167,2176.7,33820
41409,220.64,6861.3,5828.8,5484.2,5383.2,5262,14379,23310,19211,15907,29879,2175.9,32709
41793,209.52,6843.3,6204.1,5842.1,5732.4,5596.5,14614,23664,19501,16088,29861,2175.4,33069
42538,209.52,6819.7,6260.9,5896.4,5785.3,5647.1,14765,23833,19623,16157,29830,2174.8,33493
43211,209.52,6797.4,6350.9,5982.3,5869.1,5727.2,14975,24285,19952,16380,29790,2174.4,33949
42459,220.64,6774.9,6410.9,6039.6,5924.9,5780.6,14925,24248,19925,16353,29805,2174.2,33687
41211,220.64,6753.2,6505.7,6130.2,6013.2,5865,14779,24014,19746,16222,29806,2174.2,33097
42773,220.64,6731.4,6650,6268.2,6147.6,5993.3,15228,24734,20282,16589,29798,2173.8,34188
42421,220.64,6710,6749,6362.9,6239.7,6081.2,15249,24712,20264,16569,29789,2173.3,34103
43323,209.52,6687.1,6771.1,6384,6260.3,6100.8,15482,25022,20501,16726,29796,2172.9,34749
43265,209.52,6664.2,6688.8,6305.3,6183.7,6027.7,15405,24778,20379,16636,29796,2172.6,34663
41841,198.41,6642.6,6643,6261.5,6141,5987,15074,24146,19964,16344,29800,2172.2,33743
42733,198.41,6618.4,6548.8,6171.4,6053.3,5903.3,15208,24325,20100,16437,29805,2172.3,34231
42116,198.41,6595.4,6454.9,6081.7,5965.9,5819.8,15016,24031,19881,16285,29798,2171.7,33766
41951,198.41,6573.2,6380.9,6010.9,5896.9,5753.9,14942,23889,19779,16221,29791,2171.7,33694
44019,198.41,6552.2,6383.3,6013.2,5899.2,5756,15376,24601,20254,16545,29793,2171.2,34969
43758,198.41,6531,6468.7,6094.9,5978.8,5832,15385,24654,20266,16553,29806,2171.2,34881
55566,209.52,6507.5,6506,6130.5,6013.5,5865.2,17880,28764,23321,18630,29811,2171.2,42378
55139,209.52,6484.9,6548.9,6171.5,6053.4,5903.4,17824,28643,23229,18570,29826,2171,42182
56177,209.52,6462.2,6611.8,6231.7,6112,5959.3,18112,29122,23585,18810,29853,2170.6,42908
55848,209.52,6440.8,6627.5,6246.6,6126.6,5973.2,18094,29263,23656,18858,29834,2170.2,42702
54328,198.41,6417,6633,6251.9,6131.7,5978.1,17783,28769,23243,18581,29788,2170,41793
61622,198.41,6392.3,6541.9,6164.9,6046.9,5897.2,19244,31147,24993,19731,29789,2169.8,46338
54547,198.41,6369.1,6451.7,6078.6,5962.9,5816.9,17710,28607,23079,18464,29780,2169.3,41812
56109,198.41,6344.4,6314,5947.1,5834.7,5694.4,17907,28883,23268,18587,29781,2169.1,42600
55161,198.41,6321.1,6219.2,5856.5,5746.4,5609.9,17623,28383,22895,18335,29751,2168.8,41891
54532,198.41,6296.6,6234.2,5870.8,5760.4,5623.3,17494,28163,22732,18225,29697,2168.5,41489
54191,198.41,6273.5,6314.8,5947.8,5835.4,5695.1,17444,28034,22634,18158,29708,2168,41297
54012,187.29,6250.6,6355.3,5986.5,5873.1,5731.1,17399,27938,22564,18105,29688,2167.9,41080
55178,176.17,6226.5,6390.8,6020.4,5906.2,5762.7,17590,28276,22851,18292,29697,2167.1,41713
54212,176.17,6200.3,6436.1,6063.7,5948.4,5803,17381,27946,22615,18137,29698,2166.4,41074
55156,208.67,3660.8,6235.7,5872.2,5761.8,5624.6,17339,27682,22410,18224,22542,2165.7,41412
50073,208.67,1193.2,5592.1,5258.7,5163,5050.8,15834,25173,20546,16952,22514,2164.8,37865
49925,208.67,1192.8,4926.3,4625.8,4544.2,4455.6,15373,24410,19980,16547,22527,2164.1,37464
49224,208.67,1192.8,4258.2,3992.6,3924,3856.7,14792,23409,19216,15996,22579,2163,36597
49051,208.67,1192.4,4289.9,4022.6,3953.4,3885.1,14775,23414,19222,16036,22658,2162.3,36600
48898,214.65,1228.3,4306.4,4038.2,3968.7,3900,14769,23454,19276,16078,22742,2161.6,36549
49603,214.65,1526,4327,4057.7,3987.8,3918.4,14949,23724,19489,16230,22755,2161.4,37100
50854,214.65,1998.9,4453.8,4177.7,4105.4,4032.2,15339,24452,20030,16600,22801,2160.6,37933
52205,214.65,1491.6,4671.4,4384,4307.4,4227.3,15806,25305,20656,17021,22802,2159.9,39013
52315,214.65,1763,4617,4332.5,4257,4178.6,15888,25450,20760,17093,27921,2159.3,39260
55063,214.65,1356.3,4723,4432.9,4355.4,4273.5,16684,26766,21761,17845,27924,2158.7,41368
56181,214.65,1513.5,4609.5,4325.3,4250,4171.8,17445,29813,24212,19542,27927,2158.1,42511
56528,221.5,1190.4,4657.4,4370.7,4294.5,4214.7,17116,28238,22990,18711,27940,2157.5,42399
56533,221.5,1637.4,4585,4302.1,4227.3,4149.9,16946,27534,22409,18296,27963,2156.9,42238
57872,221.5,1683.1,4739.4,4448.5,4370.6,4288.3,17372,28315,23016,18755,27971,2156.4,43258
56280,221.5,1598.1,4950.4,4648.7,4566.6,4477.2,17197,28227,22955,18762,27980,2155.8,42325
56199,221.5,1191,4769.7,4477.2,4398.8,4315.4,16983,27558,22407,18401,27988,2155.2,42081
53886,221.5,1403.3,4620.9,4336.1,4260.6,4182.1,16365,26484,21586,17810,27997,2154.6,40520
53731,221.5,1504.4,4519.8,4240.3,4166.8,4091.4,16254,26240,21396,17682,28010,2154,40438
55365,221.5,1232.6,4732.6,4442,4364.3,4282.2,16757,27169,22095,18192,28001,2153.3,41527
53942,221.5,1245.8,4709,4419.7,4342.4,4261,16427,26530,21614,18025,28018,2152.5,40635
54301,234.32,1600,4786.8,4493.4,4414.6,4330.7,16550,26773,21797,18451,28029,2152,40860
53003,247.15,1481.5,5088.5,4779.8,4694.9,4600.7,16654,27089,22079,18527,28102,2151.4,40406
53321,247.15,1534.9,4854.7,4557.8,4477.7,4391.5,16612,27121,22118,18559,28185,2150.9,40564
54204,247.15,1373.5,4828.6,4533.1,4453.4,4368.1,16806,27689,22550,18813,28116,2150.3,41233
54390,234.32,1522.1,4927.8,4627.2,4545.6,4457,16878,27822,22628,18781,28202,2149.9,41386
54493,234.32,1381,4989.4,4685.7,4602.8,4512.1,16843,27655,22491,18626,24102,2149.3,41341
52472,247.15,1546.9,5497.4,5168.5,5074.9,4966.2,16691,27275,22197,18406,24104,2148.6,40243
57903,247.15,1186.4,6308.2,5941.5,5829.3,5689.2,18114,29272,23749,19623,27165,2148.2,43636
39861,234.32,1186.4,5216.9,4901.8,4814.2,4715.6,13678,22181,18482,16039,27166,2147.6,31752
39947,234.32,1186.6,5169.8,4857,4770.4,4673.5,13612,22104,18411,15943,27158,2147,31733
40499,298.46,1186.3,5054.4,4747.4,4663.2,4570.2,13664,22072,18381,15963,27178,2146.3,32051
40071,315.57,1186.3,5246.8,4930.2,4842,4742.3,13668,21994,18325,15890,27181,2145.6,31866
39947,282.22,1186.3,5317.4,4997.4,4907.6,4805.4,13684,21998,18322,15859,27166,2144.9,31813
40517,265.97,1186.3,5365.7,5043.3,4952.6,4848.6,13834,22173,18446,15901,27173,2144.1,32172
39462,265.97,1186.3,5409,5084.4,4992.7,4887.2,13618,21786,18149,15643,27170,2143.4,31491
37992,282.22,1186.3,5347.7,5026.2,4935.8,4832.5,13261,21181,17689,15298,27163,2142.8,30537
38024,282.22,1186.3,5336.7,5015.7,4925.6,4822.7,13254,21168,17676,15281,27202,2142.1,30549
39280,282.22,1186.4,5153.7,4841.8,4755.5,4659.1,13399,21432,17873,15424,27221,2141.3,31250
39554,315.57,1186.8,5498.7,5169.8,5076.1,4967.4,13695,22012,18408,15806,27219,2140.6,31667
39958,348.92,1187,5710.5,5371.5,5273.2,5156.5,13930,22547,18843,16105,27230,2140.1,32060
39150,381.42,1187.2,5581.9,5248.9,5153.5,5041.7,13693,22195,18578,15923,27248,2139.3,31546
39990,431.87,1187.9,5708.5,5369.6,5271.3,5154.7,13991,22737,18984,16223,27272,2138.7,32226
40728,481.48,1188.6,5884.1,5536.9,5434.6,5311.3,14306,23445,19509,16613,27302,2138.1,32875
40154,531.08,1189.4,6117.2,5759.1,5651.5,5519.1,14381,23766,19747,16810,27332,2137.5,32744
42186,594.36,1190.6,6374.7,6005,5891.2,5748.4,15033,25051,20712,17510,27385,2136.9,34293
42869,599.49,1192.2,6697.8,6313.9,6192,6035.7,15434,25955,21294,17945,27446,2136.3,34988
43546,619.16,1193.9,6972.6,6577,6448,6279.8,15789,26723,21843,18357,27535,2136,35666
45837,635.41,1195.9,7138.2,6735.7,6602.3,6426.8,16409,27811,22656,18949,27581,2135.6,37312
45428,635.41,1197.6,6957.9,6562.9,6434.3,6266.8,16205,27599,22509,18818,27628,2135.2,36996
44907,645.67,1198.8,6620.5,6240,6120.1,5967,15924,26764,21890,18539,27631,2134.8,36558
43464,615.74,1200.5,6583.2,6204.3,6085.4,5933.9,15604,26004,21329,18247,27638,2134.3,35589
36415,604.62,1201.9,6570.3,6192,6073.3,5922.4,14072,23769,19660,16999,27644,2133.9,31077
52638,599.49,1203,6405.7,6034.6,5920.1,5776,17425,29119,23625,19604,27665,2133.5,41390
47458,580.68,1203.9,6186.3,5825.1,5715.8,5580.6,16204,26838,21940,18499,27657,2133,38016
47675,557.59,1204.7,5982.8,5630.9,5526.5,5399.3,16132,26517,21704,18290,27671,2132.4,38090
44308,549.04,1205.6,5814.3,5470.4,5369.7,5249.1,15319,25121,20657,17540,27689,2131.8,35876
47051,557.59,1206.4,5751.5,5410.5,5311.3,5193.1,15910,25981,21257,18021,27695,2131.3,37727
45602,602.91,1207.5,5926.7,5577.5,5474.3,5349.3,15766,25733,21076,18141,27681,2130.7,37044
44922,755.14,1209.8,6902.7,6510.1,6382.9,6217.8,16006,26136,21617,18193,19557,2130.3,36127
40090,1033.9,1212.8,10125,9618.3,9386.2,9061.4,17291,29057,23796,19696,19917,2129.9,35158
43767,976.64,1217.5,11418,10879,10591,10193,19157,33027,26730,21634,20696,2129.8,38654
46927,902.23,1222.5,12011,11460,11143,10710,20389,35185,28311,22556,19745,2129.8,41259
45786,870.59,1226.6,11641,11097,10799,10388,19978,34290,27668,22115,19828,2129.8,40512
47510,886.84,1230.4,11399,10861,10574,10177,20217,34519,27837,22240,19148,2129.6,41633
44599,932.17,1234.5,11577,11034,10739,10332,19736,33884,27379,21973,19437,2129.5,39928
45117,1026.2,1240.2,12212,11657,11331,10885,20325,34933,28148,22449,19420,2129.3,40777
48415,1113.6,5751.6,13376,12802,12413,11896,21947,37712,30162,23725,18875,2129.4,43986
47940,1113.6,6472.7,15336,14746,14233,13590,22053,40370,32131,23957,20487,2129.5,44508
55694,1113.6,6504.4,16980,16391,15753,13580,21795,45840,36086,23131,22434,2130.9,48832
62113,1113.6,6534,17584,16998,16311,13546,21625,48106,38539,22644,22849,2132.1,52524
69016,1113.6,6563.1,17346,16759,16091,13560,21491,47970,40176,22328,27733,2134.2,56527
73881,1113.6,6596.2,17691,17106,16410,13540,21356,47823,40840,21989,28521,2137.1,59582
74979,1113.6,6635.1,18764,18197,17397,13473,21240,47684,40561,21696,27223,2140.4,60724
67465,1113.6,6675.9,18711,18197,17338,13407,21294,47751,40693,21840,21582,2143.5,57248
67637,1113.6,6712.3,18695,18197,17321,13388,21276,47736,40670,21835,22086,2146.4,57406
70021,1113.6,6745.3,18710,18197,17338,13407,21270,47746,40694,21876,22027,2149.3,58479
76142,1113.6,6771.2,18747,18197,17378,13451,21223,47701,40611,21809,17786,2152,61336
76243,1113.6,6788.2,17810,17226,16519,13533,21324,47837,40893,22132,18622,2153.9,61154
65909,1113.6,6798.3,16284,15692,15109,13620,21614,47977,37374,22982,17850,2155.9,55567
60156,1113.6,6804.7,15080,14491,13995,13369,21798,44030,34599,23555,17769,2157.4,52406
54143,1113.6,6810.1,14127,13545,13111,12547,21967,40421,32007,24068,16358,2158.2,49217
52504,1113.6,6811.2,13908,13328,12907,12357,22020,39253,31136,24084,17288,2159.8,48220
48191,1113.6,3562.7,13349,12776,12388,11873,22138,36780,29317,22930,16421,2160.7,45727
45227,1113.6,1318.2,12185,11630,11305,10861,20969,34253,27461,21747,17141,2161.6,43132
45147,1113.6,1321.7,11034,10504,10234,9857.6,20306,33100,26615,21248,17565,2162.3,42618
47870,1113.6,1326.3,11491,10950,10659,10257,21482,34976,27980,22173,17820,2163.8,45221
42386,1113.6,1333,12387,11829,11493,11037,20810,33864,27171,21645,16877,2166.2,41880
44937,1113.6,1340.4,13698,13121,12713,12176,22152,36305,28900,22705,16517,3385.8,44344
15020,1113.6,1348.6,15034,14445,13952,13329,15871,26045,21011,17378,12679,2171,23186
15138,1113.6,1358.2,16356,15765,15176,13616,16965,27926,22416,18385,15066,2174.6,24332
15293,1113.6,1369.2,18766,18197,17399,13475,19098,31535,25091,20206,22380,2179.5,26700
17550,1113.6,1379.3,18707,18197,17334,13403,20520,33957,26922,21328,21695,2185.4,29006
46977,1113.6,1387.4,18702,18127,17340,13483,21858,42856,33313,23886,18358,2191.5,44991
39992,1113.6,1394.3,16864,16275,15646,13587,22099,37678,29604,22924,16297,2196.3,41112
36209,1113.6,1401.1,16284,15693,15110,13620,21476,35148,27766,21762,15724,2200.5,38425
23348,1113.6,1407.1,16409,15818,15225,13613,18605,30329,24233,19490,15942,2204.6,29730
26018,1113.6,1412.8,16459,15868,15272,13610,19136,31148,24831,19870,16482,2208.9,31323
24757,1113.6,1418.5,16264,15673,15091,13621,18659,30346,24237,19472,15804,2213.5,30247
24367,1113.6,1424.1,15822,15231,14682,13646,18221,29596,23680,19099,14729,2217.9,29561
22290,1113.6,1429.1,14940,14352,13865,13249,17071,27688,22264,18129,14932,2222.1,27489
21134,1113.6,1433.4,13974,13394,12969,12414,16094,26042,21037,17295,15905,2225.8,26036
16737,1113.6,1438.2,13675,13098,12691,12156,14932,24074,19541,16298,16474,2229.3,22981
16852,1113.6,1443,13450,12876,12482,11961,14798,23824,19350,16152,16875,2232.9,22869
16955,1113.6,1448.6,13787,13208,12795,12252,15275,24652,19977,16647,19532,2237.3,23683
18705,1113.6,1455.4,15149,14560,14059,13429,17280,27856,22379,18383,26166,2243.1,27180
44827,1113.6,1463,16689,16098,15484,13597,21958,40080,31295,24081,29903,2251.4,44959
81633,1113.6,1471.4,18502,17925,17156,13494,21175,47719,40753,22021,42623,2262.5,62085
93748,1113.6,1480.2,18725,18197,17354,13424,20882,47332,39986,21267,42651,2275.9,63465
1.1166e+05,1113.6,1488.3,18680,18197,17303,13370,20525,46807,38930,20429,45424,2290.2,65563
1.179e+05,1113.6,1497.2,18648,18197,17268,13332,20378,46571,38453,20103,46556,2304.6,66272
1.2189e+05,1113.6,1506.1,18587,18197,17198,13260,20233,46329,37960,19795,47701,2318.9,66678
1.2226e+05,1113.6,1515.4,18528,18197,17128,13191,20160,46204,37701,19639,47701,2332.8,66657
1.2292e+05,1113.6,1524.2,18461,18197,17050,13115,20108,46108,37504,19534,47701,2346.7,66698
1.2358e+05,1113.6,1532,18538,18197,17140,13203,20216,46296,37890,19758,47701,2359.2,66890
1.2451e+05,1113.6,1538.6,18623,18197,17239,13302,20334,46501,38311,20022,40562,2369.2,67116
1.2483e+05,1113.6,6966.1,18677,18197,17300,13366,20420,46646,38604,20221,37337,7273.6,67257
1.2497e+05,1113.6,7932,18637,18197,17255,13318,20401,46617,38536,20179,37748,7164.5,67260
1.249e+05,1113.6,7911,18567,18197,17174,13237,20352,46534,38368,20071,36818,6344.2,67199
1.2496e+05,1113.6,7951.3,18608,18197,17222,13285,20420,46641,38586,20221,38627,7376.8,67278
1.2498e+05,1113.6,7955.2,18709,18197,17337,13405,20541,46779,38859,20346,47701,7900.8,67408
1.2498e+05,1113.6,7957.5,18429,17852,17090,13499,20603,46881,39059,20492,47701,11355,67471
1.2501e+05,1113.6,7971.1,17573,16987,16301,13547,20631,46917,39132,20557,47701,11279,67493
1.2538e+05,1113.6,7967.9,16781,16191,15570,13592,20659,46962,39225,20622,47309,11302,67558
1.2545e+05,1113.6,7967.9,17581,16995,16308,13546,20632,46931,39167,20580,46594,11301,67553
1.2546e+05,1113.6,7932.7,18752,18178,17387,13480,20610,46904,39114,20487,44049,11306,67546
1.2524e+05,1113.6,7873.7,18705,18197,17332,13401,20497,46729,38748,20050,41230,11300,67391
1.255e+05,1113.6,7884.8,18593,18197,17205,13267,20349,46492,38252,19779,41050,11268,67289
1.2629e+05,1113.6,7930.1,18647,18197,17266,13330,20425,46617,38506,20031,38477,11267,67471
1.2722e+05,1113.6,7945.3,18765,18197,17398,13473,20596,46888,39061,20451,33604,11283,67756
1.2591e+05,1113.6,7954.2,17414,16827,16154,13556,20386,46566,38416,20031,34873,11286,67368
1.2619e+05,1113.6,7966.6,16472,15881,15284,13609,20506,46767,38840,20321,37791,11306,67518
1.2712e+05,1113.6,7974.7,15818,15226,14678,13647,20777,47179,39678,20960,39944,11306,67903
1.2709e+05,1113.6,7982.3,15026,14437,13945,13323,20827,47255,39831,21097,40694,11305,67933
1.268e+05,1113.6,7993.5,14429,13844,13391,12807,20851,47292,39905,21167,45331,11302,67922
1.2657e+05,1113.6,8005.1,13818,13239,12824,12279,20902,47366,40052,21312,39012,11301,67900
1.2612e+05,1113.6,8005.9,13022,12453,12084,11589,20963,47452,40225,21483,37016,11311,67899
1.2575e+05,1113.6,8008.5,12459,11900,11561,11100,20995,47497,40314,21573,39266,11330,67844
1.251e+05,1113.6,8016.2,11804,11256,10950,10529,21016,47527,40379,21638,44157,11325,67807
1.2472e+05,1113.6,7202.6,11368,10830,10545,10149,21040,47561,40450,21713,47606,11302,67747
1.242e+05,1113.6,6855.2,10717,10194,9937.9,9580,21092,47631,40582,21853,47582,11314,67717
99205,1113.6,6506.7,10077,9572.1,9341.9,9019.7,21548,48171,36996,23111,40789,11322,64638
86134,1113.6,5468.6,9546.3,9056.9,8847,8553.5,21810,42780,33251,23891,37404,11341,61767
83993,1113.6,5693.9,8931.2,8461.5,8273.5,8012.1,21900,40913,31923,24180,33157,11327,60310
79857,1113.6,5016.8,8464.4,8010.8,7838.3,7600.4,22007,38677,30307,23348,32138,10347,57904
75091,1113.6,4598.2,8002.4,7565.8,7407.6,7192.3,22112,36473,28676,22333,31805,8774.1,55456
68867,1113.6,4269.1,7681.6,7257.2,7108.6,6908.4,21327,34086,26916,21229,34311,8667.6,51884
71888,1113.6,4475.2,7385.1,6972.4,6832.3,6645.7,21782,34828,27456,21562,36182,8237.9,53638
66267,1113.6,4197.2,7227.7,6821.5,6685.6,6506.2,20483,32665,25874,20547,39118,9253.1,49892
70782,1113.6,4084.6,6937.3,6543.2,6415.1,6248.5,21169,33788,26701,21062,43712,8971.4,52436
69139,1113.6,8010.7,6556.7,6178.9,6060.6,5910.3,21525,34690,27317,21111,39631,10276,53544
50566,1113.6,8000,18089,18197,16610,12719,21157,47708,40750,22167,40385,10048,44923
63070,1113.6,7990.2,10264,9753.8,9516.1,9183.6,22140,36117,28340,21761,40704,9196.4,50981
55449,1113.6,7979.2,10138,9631,9398.3,9072.8,20768,33348,26324,20479,41651,9348.5,46272
46884,1113.6,7968.9,9559.9,9070.1,8859.7,8565.4,18638,29816,23721,18775,41300,9234.6,40524
39059,1113.6,7958.4,5833.2,5488.3,5387.2,5265.9,14505,23072,18705,15330,39755,9125.9,33387
41633,1113.6,7946.8,5627.6,5292.5,5196,5082.5,14747,23433,18977,15522,36507,8503.7,34507
40894,1113.6,7935.5,5527.1,5196.8,5102.6,4992.8,14507,23033,18675,15312,37965,7741.9,33942
39069,1113.6,7923.4,5312.3,4992.5,4902.9,4800.9,14002,22193,18049,14868,38910,7630.5,32658
37138,1113.6,7909.7,5160.8,4848.5,4762,4665.4,13445,21274,17367,14379,46867,7248.2,31368
37822,1113.6,7896,5228.1,4912.5,4824.6,4725.6,13494,21342,17404,14400,46316,7523.2,31462
39019,1113.6,7881.1,5127.2,4816.5,4730.8,4635.3,13566,21440,17479,14449,43837,7657.8,31828
34898,1113.6,7867.1,5429.8,5104.3,5012.1,4905.9,12772,20167,16522,13752,41777,6623.3,29150
31495,1113.6,7854,5063.1,4755.7,4671.3,4578.1,11702,18459,15231,12800,39092,6120.3,26345
31445,1113.6,7839.9,4950.9,4649.1,4567,4477.6,11569,18226,15051,12665,39274,6518.7,26370
37286,1113.6,7825.5,4835.1,4539.2,4459.5,4373.9,12653,19936,16316,13598,38040,5932.6,29630
35648,1113.6,7811.4,4771.2,4478.6,4400.1,4316.7,12217,19227,15763,13189,39840,5932.1,28354
31241,1113.6,7794.4,4615.6,4331.1,4255.6,4177.3,11146,17514,14474,12230,38311,5931.9,25554
28689,1113.6,7778.9,4716.4,4426.6,4349.2,4267.6,10681,16769,13923,11815,38049,5931.7,24092
28346,1113.6,7763.3,4846,4549.6,4469.6,4383.7,10701,16799,13951,11836,38744,5931.4,23865
29405,1113.6,7748.8,4517.8,4238.4,4164.9,4089.6,10646,16697,13880,11782,40475,5930.7,24194
28521,1113.6,7733.1,4454.9,4178.9,4106.5,4033.2,10386,16276,13568,11543,41105,5930.2,23496
31635,1113.6,7717.5,4180.6,3919.2,3852,3787,10827,16979,14112,11956,39990,5929.2,25253
30473,1113.6,7700.3,4310.5,4042.1,3972.5,3903.7,10597,16589,13817,11733,40876,5929.4,24358
25645,1113.6,7682.8,4352.4,4081.7,4011.4,3941.2,9538.7,14901,12531,10744,38791,5928.6,21265
27903,1113.6,7665.3,4328.1,4058.8,3988.9,3919.5,9933.9,15523,13004,11108,37411,5927.8,22539
27338,1113.6,7647.4,4325.7,4056.5,3986.6,3917.3,9770.9,15260,12811,10959,35028,5926.8,22033
25201,1113.6,4188.2,4270.9,4004.7,3935.8,3868.2,9263.5,14464,12205,10489,34477,5926.1,20575
28294,1113.6,1469.9,3435,3215,3161.1,3116.5,9342.1,14582,12287,10555,35066,5925.1,22049
24906,1113.6,1469.2,2901.4,2712.4,2667.6,2635.4,8250.5,12861,10987,9539.4,35459,5923.6,19714
25407,1113.6,1469,3275.9,3065,3013.9,2973.2,8588.9,13393,11403,9867.3,35649,5922.4,20273
28552,1113.6,1468.9,3247.8,3038.5,2987.9,2947.8,9347.9,14481,12212,11013,38586,2387.3,22322
23228,822.7,1468.9,3569.2,3341.5,3285.4,3237.4,8388.2,12987,11054,10061,38092,2387.6,19056
19735,791.91,4598.4,3814.4,3573,3512.5,3458,7806.1,12093,10388,9534.3,36279,2388.1,16903
24932,809.87,7605.9,4217.7,3954.3,3886.5,3820.4,9163.7,14245,12018,10821,38725,2388.5,20297
24308,750.01,7590.3,4672.6,4385.1,4308.6,4228.4,9317.5,14528,12233,10976,37031,2389,20235
23938,713.24,7572,4386.9,4114.4,4043.4,3972.2,9021.8,14058,11883,10682,35410,2389.2,19675
20134,707.25,7553.3,4437,4161.9,4089.9,4017.2,8209.6,12777,10916,9943.6,35909,2389.5,17347
24256,659.36,7535.7,4271,4004.7,3935.9,3868.2,8932.7,13900,11760,10662,38463,2389.7,19600
18191,628.57,7517.6,4205.8,3943,3875.4,3809.7,7630.3,11848,10180,9358.4,41529,2390,15839
19405,592.65,7501.6,4167.3,3906.6,3839.7,3775.1,7872.2,12216,10453,9544.9,35978,2390.3,16672
21647,581.53,7485.6,4233.4,3969.2,3901,3834.5,8392.9,13022,11067,10018,33371,2390.5,18068
21838,610.61,7469.5,4369,4097.5,4026.8,3956.2,8519.6,13216,11211,10135,34299,2390.8,18205
19494,585.81,7450.7,4257.8,3992.2,3923.7,3856.4,7944,12312,10524,9595.7,33354,2391,16742
20787,586.67,7430,4341,4071,4000.8,3931,8251.5,12789,10884,9872.5,33638,3780.5,17552
21115,616.6,7409.1,4216.2,3952.8,3885,3819,8198.4,12699,10818,9825,32240,3801.2,17644
29596,592.65,7389.3,4196,3933.8,3866.4,3800.9,9943,15441,12902,11436,33234,4091.1,22905
28602,592.65,7370,4006.1,3754.2,3690.2,3630.3,9593.9,14884,12495,11122,33423,4335.8,22111
26765,602.06,7350.5,4093,3836.3,3770.8,3708.4,9270.1,14373,12104,10824,32924,4369.7,21019
27366,616.6,7329.7,4121.1,3862.9,3796.9,3733.6,9425,14611,12272,10943,33075,4255.6,21340
24985,586.67,7311.4,4062.3,3807.2,3742.3,3680.8,8857.8,13717,11601,10418,37516,4005,19804
25098,522.53,7295.1,4154.6,3894.6,3827.9,3763.7,8927.9,13826,11687,10465,33629,3682.7,19786
30228,502.86,7274.9,4148,3888.3,3821.8,3757.8,10014,15536,12982,11456,34768,4182.4,23081
28842,528.51,7255.2,4093.2,3836.5,3771,3708.5,9696,15029,12598,11170,33053,4165.5,22189
24382,569.56,7236.4,4057.5,3802.8,3737.9,3676.5,8750.6,13539,11472,10318,33144,3639.3,19370
26536,597.78,7216.4,3934.4,3686.4,3623.8,3565.9,9149,14163,11957,10714,36471,3413.5,20790
27971,560.15,7197.3,3879.8,3634.8,3573.2,3516.8,9402.4,14565,12252,10958,33263,3621.7,21567
24415,521.67,7178,3845.9,3602.7,3541.7,3486.3,8581.1,13279,11266,10178,32917,3227.3,19296
25277,531.08,7156.7,3823.8,3581.9,3521.3,3466.5,8736.5,13516,11448,10307,32693,4435.8,19778
24076,505.42,7136.4,3798.3,3557.8,3497.6,3443.5,8456.6,13076,11117,10035,32773,3174.5,18980
25708,489.17,7115.9,3763.4,3524.9,3465.3,3412.1,8801.5,13615,11529,10348,32964,3574.8,19980
40111,456.68,1370.4,3803.8,3563,3502.7,3448.4,11922,18551,15271,13161,32671,3074,29097
18507,560.15,1369.7,2429.1,2268.6,2231.4,2208.6,6254.4,9697.5,8557.3,8017.9,32558,3078.7,14396
18351,547.33,1369.5,1504.4,1402.2,1379.3,1370.5,5608.3,8700.1,7792.4,7397.7,32663,2391.1,13866
19594,552.46,1369,1532.2,1428.2,1404.9,1395.8,5906.6,9163.8,8148.2,7681.4,31349,3218.6,14619
19011,567,1368.7,1546.9,1441.9,1418.4,1409.2,5790.5,8981.2,7998.4,7568.5,32431,2513.8,14267
17565,949.27,1368.6,1606.7,1497.9,1473.5,1463.4,5587.4,8672.9,7763.5,7428.7,36284,4383.7,13583
22005,1113.6,1369.1,1608.4,1499.4,1475,1464.9,6653.1,10322,9028.5,8681.5,31216,4269.6,16603
28771,699.55,1369.3,1961.8,1830.3,1800.4,1785.5,8313.9,12921,11006,10082,31278,3873.2,20973
30667,597.78,1369.6,2314.5,2161,2125.6,2104.9,8960.3,13941,11778,10620,30303,3331.3,22319
21125,545.62,1369.8,2932.3,2741.5,2696.1,2663.3,7353.7,11437,9885.7,9141.1,29662,3199.7,16744
25174,641.4,1370.2,3092.6,2892.4,2844.4,2807.9,8463,13204,11255,10398,30367,3331.3,19691
19854,559.3,1370.4,3249.1,3039.8,2989.1,2949.1,7481.7,11692,10085,9386.7,29533,4641.6,16467
22242,555.02,1370.8,3303.9,3091.4,3039.8,2998.4,8056.4,12633,10809,9912.5,31920,3200.3,18048
31124,488.32,1371.2,3451.9,3230.9,3176.8,3131.8,10020,15821,13258,11819,32919,7912.3,23581
34801,477.2,1372,3462.5,3240.9,3186.6,3141.3,10803,17065,14203,12501,33088,7999.2,25989
33172,466.08,1372,2997.1,2802.5,2756,2721.7,10152,16057,13446,11947,32476,6201.2,24922
32144,432.73,1372.6,2881.8,2693.9,2649.4,2617.6,9847.8,15611,13119,11682,35578,6504.7,24230
37708,514.83,1374.3,3117.3,2915.6,2867.1,2830.1,11202,17757,14735,12964,35099,6953.9,27852
35055,429.31,1375.9,3503.4,3279.4,3224.5,3178.1,10875,17226,14338,12671,32180,5655.1,26359
40869,382.27,1376.7,3388.3,3170.9,3117.9,3074.4,12011,19029,15690,13613,32025,5557.8,29868
39242,348.92,1377.3,3260.9,3050.9,3000,2959.7,11560,18299,15131,13189,31223,5170,28665
43479,342.93,1377.5,2877,2689.4,2645,2613.3,12203,19339,15920,13756,31604,6086,31011
42917,318.99,1378,2742.3,2562.8,2520.5,2491.7,11970,18966,15637,13536,30842,4787.6,30628
41966,295.04,1378,2655.8,2481.4,2440.6,2413.5,11680,18475,15265,13259,29065,3880.9,29881
44158,287.35,1378.2,2547.8,2380,2340.9,2315.9,12057,19067,15715,13587,29340,5189.8,31145
40877,280.5,1378.4,2455.8,2293.6,2256,2232.7,11280,17820,14772,12912,28771,4084.7,29037
38661,288.2,1378.5,4333.2,4063.6,3993.6,3924,12001,18958,15612,13516,30786,5258.7,28451
39693,272.81,1378.3,4328.7,4059.3,3989.4,3920,12202,19268,15798,13641,29388,3320.1,29128
32253,248.86,1378.5,4277.8,4011.1,3942.2,3874.3,10577,16674,13835,12176,27981,4108.1,24431
32828,233.47,1378.3,4229.5,3965.4,3897.4,3830.9,10653,16785,13928,12237,28209,3986.9,24722
34419,220.64,1378.3,4196.7,3934.4,3866.9,3801.5,10969,17288,14306,12521,27585,3608.3,25724
39950,210.38,1378.3,4263,3997.2,3928.5,3861.1,12044,18953,15605,13416,29119,3391.7,28889
42785,332.67,1378,4013.5,3761.2,3697.1,3637,12555,19767,16215,13871,30062,2391.1,30668
41350,528.51,1378,4009.8,3757.7,3693.7,3633.7,12320,19412,15945,13678,29423,5417.9,29878
43156,389.12,1378,4048.6,3794.3,3729.6,3668.5,12660,19959,16360,13978,28622,3053.4,30870
39906,373.72,1377.9,4040.8,3786.9,3722.4,3661.5,11929,18795,15487,13345,28969,4010.9,28822
41688,566.14,1377.9,3976.8,3726.4,3663,3603.9,12291,19371,15924,13669,27930,2391.1,29949
39798,465.23,1377.9,4134.4,3875.5,3809.2,3745.6,11991,18928,15590,13436,27115,3109.9,28909
40873,378.85,1377.8,4344.9,4074.7,4004.5,3934.6,12367,19545,16053,13760,27342,3198.5,29682
40464,332.67,1377.7,4270.2,4004,3935.2,3867.5,12236,19338,15896,13643,27540,2791.1,29393
38818,308.73,1377.6,4118.8,3860.7,3794.8,3731.6,11779,18624,15361,13252,28573,3445.2,28128
39793,415.63,1377.7,4071,3815.5,3750.4,3688.6,11976,18974,15630,13496,29635,4428.8,29063
41305,393.39,1377.7,4157.9,3897.7,3831,3766.7,12351,19575,16084,13847,28116,5157.7,29862
38092,348.07,1377.7,4218.7,3955.2,3887.4,3821.3,11704,18522,15301,13240,29463,4582.5,27940
40022,549.89,1377.6,4198.1,3935.7,3868.3,3802.8,12122,19186,15839,13620,31235,3751.9,29229
40633,1113.6,1377.6,4144,3884.5,3818.1,3754.2,12496,19800,16314,13966,32406,3481,30124
47184,1113.6,1377.8,4171.4,3910.5,3843.5,3778.8,13944,22135,18071,15233,35482,3071.6,34405
47999,1003.1,1378,4273.9,4007.5,3938.6,3870.8,14150,22466,18323,15408,33251,2731.7,34764
44582,884.27,1378,4438.8,4163.6,4091.6,4018.8,13524,21452,17547,14854,30682,4552.1,32750
45288,862.04,1378,4638.2,4352.5,4276.7,4197.6,13789,21874,17836,15074,33957,3716.2,33288
46265,984.33,1378,4593.7,4310.3,4235.3,4157.7,13973,22171,18065,15284,37364,3622.9,33879
49888,951.84,1378,4588.2,4305.1,4230.2,4152.7,14745,23412,18997,15913,32941,2855.8,36375
48029,880.85,1378.4,4676.8,4389.1,4312.5,4232.2,14398,22847,18568,15756,32808,4229.9,35206
46364,862.89,1379.1,4857.6,4560.6,4480.4,4394.1,14204,22533,18378,15826,32023,4373.2,34228
46776,874.87,1379.8,4951.8,4650,4567.9,4478.5,14381,22851,18709,15997,31488,4282.5,34791
46390,1100.6,1383,5091.3,4782.4,4697.5,4603.2,14655,23324,19090,16657,29217,4607.1,35249
49057,929.6,1385.6,5778.3,5436,5336.2,5217,15657,24978,20334,17204,31376,6658.2,37255
51689,1057,1387.3,5836.9,5491.9,5390.7,5269.3,16378,26211,21236,17682,34690,4650.9,39170
57252,1113.6,1388.7,5634.6,5299.1,5202.5,5088.7,17522,28100,22632,18667,33310,5391,42851
59808,1027.1,1389.9,5484.6,5156.3,5063,4954.8,17887,28678,23058,18849,31775,5416.7,44162
57609,951.84,1390.8,5313.2,4993.4,4903.8,4801.7,17227,27573,22206,18254,31243,4508.9,42477
47886,865.46,1391.9,5208.2,4893.5,4806.1,4707.8,15027,23972,19485,16400,31160,4887.5,36115
48487,969.79,1393.1,5136.8,4825.6,4739.7,4643.9,14970,23636,19244,16165,31123,4650.9,36148
45564,1113.6,1395.3,5675.6,5338.2,5240.7,5125.3,15273,24115,19604,16507,31275,10164,35876
52867,1113.6,1398,6087.2,5730.6,5623.7,5492.4,17488,27708,22282,18351,31344,10126,41620
53205,1113.6,1400.2,6161.8,5801.7,5693.1,5558.8,17731,28105,22576,18565,31894,11330,42051
57416,1113.6,1403.1,6358.5,5989.6,5876.2,5734,18531,29418,23572,19219,30113,11275,44307
57547,1113.6,1405.6,6366.9,5997.6,5884,5741.4,18336,29105,23346,19205,30068,10529,43917
60733,1113.6,1408.8,6338.8,5970.7,5857.8,5716.5,18805,29878,23941,20372,29846,10412,45623
56610,1078.4,1411.3,6459.1,6085.6,5969.7,5823.4,17941,28476,22946,19393,29386,10066,42796
56498,986.9,1413.6,6306.5,5939.8,5827.7,5687.6,17721,28221,22719,18872,29797,9180.3,42376
55801,913.35,1415,5993.8,5641.5,5536.7,5409.2,17272,27491,22161,18377,29453,8408.5,41560
53564,822.7,1416.4,5696,5357.7,5259.7,5143.6,16508,26351,21303,17689,28932,7361.1,39762
53092,779.09,1417.4,5526.7,5196.4,5102.2,4992.4,16178,25753,20845,17331,28787,7687.2,39129
47724,750.86,1418.5,5368.2,5045.7,4954.9,4850.9,14879,23602,19267,16212,28465,7496.8,35534
46194,724.35,1419.4,5249.6,4932.9,4844.6,4744.8,14437,22863,18763,15838,28378,7712.1,34419
46252,704.68,1420,5175.9,4862.9,4776.1,4679,14372,22720,18672,15844,28292,7811.9,34357
46687,676.46,1420.8,5015,4710,4626.6,4535,14368,22698,18633,16036,28102,8078.4,34550
45838,650.81,1421.6,5434.5,5108.7,5016.5,4910.1,14460,22867,18694,15923,28080,9494.8,34225
47717,598.64,1422.4,5517.3,5187.5,5093.5,4984.1,14891,23602,19239,16256,28048,7230.1,35395
45225,569.56,1423.3,5324.2,5003.8,4913.9,4811.5,14161,22454,18438,15667,27932,8402.4,33582
45783,559.3,1423.8,5233.2,4917.3,4829.3,4730.1,14178,22492,18492,15686,27817,7460.6,33785
44666,525.09,1424.7,5088.5,4779.8,4694.9,4600.7,13787,21848,18004,15319,27706,7456.4,32787
42320,463.52,1424.7,4886.1,4587.6,4506.8,4419.6,13064,20669,17134,14674,27610,5952.4,31130
41149,386.55,1424.7,4739.8,4448.9,4371,4288.6,12640,19930,16573,14251,27564,7174.6,30136
40485,396.81,1424.5,4595.5,4312.1,4237,4159.3,12366,19403,16167,13936,27498,7327.7,29620
39564,411.35,1424.9,4615.4,4330.9,4255.5,4177.1,12177,19070,15927,13756,27442,6700.9,29062
41631,412.21,1425.5,4797.7,4503.8,4424.8,4340.5,12723,19944,16607,14272,27376,7220.5,30408
37804,385.69,1426.7,4874.9,4577,4496.5,4409.6,11958,18717,15693,13624,27336,6528.5,28019
37700,376.29,1427.2,5013.4,4708.5,4625.1,4533.6,12025,18814,15756,13652,27308,6474.8,28012
36582,384.84,1427.4,5172.1,4859.2,4772.5,4675.5,11901,18614,15585,13502,27306,6426.2,27419
37504,386.55,1427.9,5114.5,4804.5,4719,4624,12070,18884,15694,13541,27328,6723.5,27953
35235,366.02,1427.9,5219.6,4904.4,4816.7,4718,11860,18479,15339,13571,27368,10554,27091
45210,438.72,1428.1,4645.9,4359.8,4283.8,4204.4,13638,21324,17484,15113,27506,9850.7,33215
50740,434.44,1429.1,4638.2,4352.5,4276.7,4197.6,14837,23253,18929,16170,27620,10847,36743
49220,451.54,1429.6,4834.1,4538.3,4458.5,4373,14819,23229,18925,16243,27681,10534,36067
45747,424.18,1430.6,4827.1,4531.6,4452,4366.7,14135,22153,18127,15673,27702,10734,33981
48173,403.65,1430.6,4890.9,4592.2,4511.3,4423.9,14674,23067,18812,16177,27684,10967,35540
49250,390.83,2371.1,4859,4561.9,4481.7,4395.4,14850,23404,19069,16430,27647,10941,36208
47308,413.92,7416.4,5047.8,4741.2,4657.1,4564.4,14520,23025,18789,16170,27601,10070,35040
45156,396.81,7399.6,6039.5,5685,5579.2,5449.9,14675,23298,18986,16261,27541,10895,34156
45489,384.84,7382.8,5829.2,5484.5,5383.6,5262.4,14577,23157,18874,16140,27467,10109,34208
43459,379.71,7365,5612.6,5278.2,5182.1,5069.1,13971,22069,18050,15514,27391,9816.6,32688
42060,379.71,7347.1,5372.5,5049.7,4958.8,4854.7,13503,21241,17415,15068,27331,10614,31687
44181,373.72,7329.9,5263.4,4946,4857.4,4757.2,13877,21804,17841,15371,27301,9604,32924
41489,368.59,7314.4,5695.2,5356.9,5258.9,5142.9,13566,21293,17465,15094,27298,10392,31427
45982,357.47,7299.2,5498.9,5170,5076.3,4967.6,14374,22591,18434,15771,27304,10262,34141
47365,347.21,7281.4,5456.8,5130,5037.2,4930,14635,23011,18750,15982,27259,9854.8,34968
47738,342.08,7263.9,5401.4,5077.2,4985.7,4880.5,14687,23076,18799,16006,27240,10191,35239
50497,336.95,7246.9,5715.3,5376,5277.6,5160.8,15459,24314,19722,16642,27229,9802.4,37072
46914,330.96,7227.9,5830.9,5486.1,5385.1,5263.9,14775,23210,18897,16074,27206,10649,34825
48722,326.69,7209.7,5617.9,5283.3,5187,5073.9,15006,23584,19175,16235,27184,10127,35862
48195,321.55,7191.4,5557.6,5225.8,5130.9,5020,14867,23348,18996,16098,27156,9962.2,35458
46523,316.42,7171.8,5419.3,5094.2,5002.3,4896.4,14416,22623,18450,15710,27089,9971.9,34307
49381,312.15,7151.3,5353.2,5031.4,4940.9,4837.4,14970,23518,19123,16184,27048,10287,36023
49090,305.31,7134.8,5612.2,5277.8,5181.7,5068.7,15061,23656,19229,16254,26985,10087,35952
46373,305.31,7117.1,5290.1,4971.4,4882.3,4781.1,14271,22386,18277,15585,26919,10032,34097
50545,301.03,7096.6,4961.8,4659.5,4577.2,4487.4,14938,23456,19078,16129,26846,10366,36490
46679,301.03,7077.6,5255,4938,4849.6,4749.7,14298,22421,18301,15592,26797,9717.6,34219
47103,301.03,7058.3,5402.5,5078.3,4986.7,4881.5,14474,22709,18516,15744,26766,9783.1,34477
44521,301.03,7037.1,5659.4,5322.8,5225.6,5110.9,14088,22084,18046,15417,26749,9237.8,32975
44440,295.9,7017.8,5202.4,4888,4800.7,4702.6,13784,21600,17683,15161,26715,9668.4,32705
46480,290.77,6999.9,5238.5,4922.3,4834.2,4734.9,14241,22331,18233,15554,26714,9643.6,34133
44701,206.67,6977.9,4727.6,4437.3,4359.7,4277.7,13368,19220,16313,14098,27736,2176.5,31972
42133,170.92,6955.8,8236.1,7790.8,7625.5,7398.8,15053,21938,18491,15643,27173,2176.1,32162
39966,182.09,6934.8,9439.8,8953.7,8747.7,8459.8,15392,22488,18919,15914,27166,2175.7,31466
39015,193.26,6916.8,9567.7,9077.7,8867,8572.3,15308,22351,18736,15780,27440,2174.8,31014
40979,193.26,6897.5,9381.7,8897.4,8693.6,8408.8,15588,22806,19029,15974,27571,2174.2,32055
37422,193.26,6876.7,9542.1,9052.8,8843,8549.8,14951,21773,18261,15410,27597,2173.4,29919
39933,182.09,6856.4,9969.7,9467.6,9241.7,8925.3,15755,23078,19248,16081,27644,2172.8,31672
39406,182.09,6834.7,10111,9604.5,9373,9049,15763,23091,19246,16080,27677,2172.3,31440
37964,193.26,6812.5,9934.8,9433.8,9209.2,8894.7,15384,22475,18862,15819,27698,2171.9,30571
40258,193.26,6792.1,10107,9601.3,9369.9,9046,16001,23478,19653,16598,27652,2171.6,32291
41069,203.32,6770.4,10029,9525.1,9296.8,8977.2,16138,23701,19777,16727,27541,2171.1,32617
41360,203.32,6750,10158,9650.8,9417.3,9090.7,16300,23964,19882,16785,27521,2170.6,32950
40669,214.49,6729.8,10417,9902.7,9658.8,9317.7,16339,24028,19915,16789,27450,2170.4,32568
40973,214.49,6709.2,10482,9966.1,9719.4,9374.8,16442,24196,19933,16762,27399,2170.3,32912
42750,214.49,6688.5,10360,9846.8,9605.2,9267.4,16729,24664,20262,16974,27402,2169.8,33926
43066,216.72,6668.2,10376,9862.3,9620.1,9281.3,16797,24775,20276,17008,27457,2169.1,34067
42626,216.72,6647.2,10285,9774.4,9535.9,9202.2,16625,24495,20061,16938,27447,2168.9,33738
42813,210.02,6626.2,10185,9677,9442.5,9114.3,16587,24432,20005,16863,27561,2168.3,33808
43065,210.02,6604.8,10283,9771.9,9533.4,9199.9,16704,24623,20252,17035,27513,2168.2,34054
43591,213.37,6583.5,10150,9643.2,9410.1,9083.8,16737,24676,20391,17202,27509,2167.7,34371
43627,216.72,6562.1,10044,9539.6,9310.7,8990.3,16700,24616,20267,17084,27607,2167.7,34444
53830,206.67,6541,9814.8,9317.3,9097.3,8789.3,18715,27920,22617,18637,27802,2167.4,40657
55096,203.32,6519.9,9982.6,9480.2,9253.8,8936.7,19063,28493,23075,18901,27877,2167,41443
56475,196.62,6498.5,10027,9523.2,9295,8975.5,19323,28921,23528,19183,28014,2166.9,42400
56267,184.33,6478,9856.6,9357.9,9136.2,8826.1,19161,28654,23347,19042,28023,2166.6,42120
54923,182.09,6456.5,9942.8,9441.5,9216.6,8901.7,18950,28306,23084,18839,28059,2165.8,41343
56740,170.92,6435.5,10074,9569.1,9339,9017,19405,29057,23795,19287,28316,2165.8,42595
56060,173.16,6413.5,10091,9585.3,9354.6,9031.6,19256,28810,23744,19240,28433,2165.4,42113
53396,170.92,6388,10089,9584,9353.3,9030.4,18690,27877,22946,18695,28395,2165,40416
53926,160.87,6362.5,10102,9596,9364.8,9041.2,18775,28019,23155,18814,28472,2164.5,40715
56759,160.87,6336.8,10114,9607.4,9375.8,9051.5,19351,28968,23849,19251,28312,2164.2,42467
54900,158.63,6310.8,10290,9779.3,9540.6,9206.6,19139,30172,24924,19917,21934,2163.9,41742
52731,368.65,6288.1,11353,10815,10530,10136,19391,30583,25340,20186,21945,2163.3,40950
50813,399.93,6267.2,11845,11297,10989,10566,19318,30463,25215,20138,21931,2162.9,40098
52593,388.76,6244.7,10402,9888.4,9645.1,9304.9,18777,29578,24379,19759,21872,2162.4,40505
50390,393.23,6221.7,9997.6,9494.8,9267.8,8949.9,18082,28447,23416,19467,21857,2162.1,38901
53440,412.22,6199.2,10647,10126,9872.9,9518.9,19211,30468,24904,21249,21872,2161.8,41470
52393,468.08,5617.1,10435,9920.5,9675.8,9333.8,19119,30755,26312,23669,21882,2161.4,41072
51784,405.52,1748.4,10384,9870.4,9627.9,9288.7,19254,30706,25687,22344,21881,2161.1,40816
53925,393.23,1391.3,9507.5,9019.3,8810.8,8519.4,18806,29866,24487,21315,21868,2160.6,41402
53258,399.93,1267.5,9536.6,9047.5,8838,8545,18741,29870,24637,21587,26973,2160.4,41119
55875,393.23,2573.6,9576.9,9086.5,8875.5,8580.4,19324,30814,25203,22134,26964,2160,42871
56947,405.52,3196.3,10167,9659.6,9425.8,9098.7,19861,31676,25731,22556,26957,2159.8,43820
60875,412.22,6175.1,11163,10629,10353,9969.9,21372,34402,27786,24181,26949,2160,46928
66603,424.51,6181.8,12899,12333,11970,11483,22029,38629,30826,23914,26941,2160.1,50175
66623,412.22,6171.7,13039,12470,12100,11604,22024,38463,30583,24135,26904,2159.5,50195
64052,412.22,4448.6,12355,11797,11463,11009,22116,36333,29057,23365,26871,2159.2,48902
63890,412.22,2907.7,11431,10892,10604,10205,22013,35103,28172,22718,26995,2158.8,48634
61125,412.22,1801.8,10755,10232,9974.1,9614,20983,33360,26790,21870,27005,2158.4,46493
61507,412.22,3240,10382,9868.9,9626.4,9287.3,20813,33060,26510,21630,26976,2158,46511
60106,412.22,3271.8,10679,10157,9902.4,9546.7,20709,32881,26317,21436,26962,2158,45746
60463,405.52,2441.3,10623,10103,9850.6,9498,20719,32889,26368,21431,26936,2157.6,45905
59681,393.23,2424.4,10310,9798.8,9559.3,9224.2,20331,32234,25976,21149,26889,2157.2,45212
58673,393.23,1979.7,10217,9708,9472.2,9142.3,20054,31771,25760,20998,26852,2156.6,44523
57036,393.23,2382.6,10010,9507.3,9279.7,8961.1,19577,30975,25291,20708,26875,2156.2,43392
57150,393.23,1946.1,10086,9580.2,9349.7,9027,19644,31083,25359,20814,26896,2155.7,43509
58849,393.23,2373.3,10106,9600.2,9368.8,9045,20064,31787,25849,21267,26893,2155.3,44671
65650,393.23,2832.8,10283,9772.1,9533.6,9200.1,21633,34416,27678,22457,22836,2155.1,49079
60702,393.23,3514.7,10272,9761.3,9523.3,9190.3,20665,32853,26505,21661,22859,2154.6,45979
64657,393.23,1187.6,10801,10277,10017,9654.1,21692,34731,28100,22529,25945,2154.2,48567
47694,388.76,1188.8,10226,9716.7,9480.5,9150.1,17794,28264,23428,19499,25955,2153.9,37543
43526,388.76,1189.3,10278,9767.2,9529,9195.7,16940,26825,22316,18800,25939,2153.4,34932
41872,302.74,1190,10038,9534.5,9305.8,8985.7,16435,25971,21530,18749,25934,2153,33791
42551,306.1,1191.3,10267,9756.9,9519.1,9186.4,16768,26552,22029,20283,25939,2152.6,34530
50967,461.38,1193.3,11547,11005,10711,10305,19528,31333,25671,22921,25946,2152.5,40822
54231,879.19,1500.5,13450,12876,12482,11961,21644,35360,28606,24078,26000,2152.6,44256
53332,954.03,4790.3,14406,13821,13369,12787,22142,36903,29702,24060,26042,2152.7,44376
59621,818.86,4027.3,14166,13584,13147,12580,22047,38721,31095,23903,26035,2152.8,47295
69828,811.04,2807.5,13374,12800,12411,11894,21923,40903,32866,23620,26075,2152.7,52151
69383,794.28,2461.1,12929,12362,11998,11509,21955,40062,32352,23773,26036,2152.6,52026
67961,784.23,1903.6,12552,11991,11647,11181,21996,39159,31711,23911,25952,2152.4,51453
64678,784.23,2046.9,13055,12486,12115,11618,22022,38727,31378,24009,25938,2152.2,50005
68819,794.28,4102.6,12639,12076,11728,11256,21968,39904,32220,23861,25954,2152.1,52054
63966,835.62,5532.2,13432,12857,12465,11944,22004,39133,31709,23941,26062,2152,49843
66916,879.19,5733.8,14057,13475,13046,12486,21916,41062,33085,23655,25973,2152,51373
66169,898.18,6114,14433,13848,13395,12811,21904,41472,33379,23628,25945,2152,51117
69583,898.18,4386.4,14158,13576,13140,12574,21856,42296,33959,23528,25958,2152.1,52814
65227,898.18,3966.5,13277,12705,12321,11811,21973,39740,32162,23910,26065,2152.1,50836
67617,954.03,4010.1,12820,12254,11896,11414,21957,39975,32323,23888,26052,2152.2,52108
66011,1011,4179,12707,12144,11792,11316,21988,39307,31843,23998,26066,2152.1,51451
68062,1049,4436.1,12794,12229,11872,11392,21941,40254,32510,23870,26109,2151.9,52555
61904,1113.6,4477.9,12896,12329,11967,11480,22039,38187,31031,24183,26155,2151.7,49677
63067,1113.6,4425.7,13312,12739,12353,11841,21986,39277,31802,24022,26234,2152,50432
57398,1113.6,4775.2,13288,12716,12332,11820,22074,37476,30507,24048,26299,2151.9,47782
52136,1113.6,5199.6,13464,12889,12495,11973,22147,35999,29442,23389,26204,2151.9,45227
50995,1113.6,6018.3,13709,13131,12723,12185,22147,35993,29438,23431,26158,2151.8,44774
48987,1113.6,6362.8,14781,14194,13718,13111,22129,36409,29720,23649,26119,2151.4,43880
52321,1113.6,6318.4,15294,14704,14193,13554,22043,38451,31145,24128,26076,2151.2,45630
52635,1113.6,4836.3,14736,14149,13676,13072,22069,37958,30763,24212,25802,2150.9,45866
51931,1113.6,4081,13706,13128,12719,12182,22135,36433,29711,23539,25775,2150.9,45487
42099,1113.6,3544.3,13201,12629,12250,11744,19838,33178,27228,21768,17848,2150.4,38617
34042,1113.6,3089.3,11603,11060,10763,10354,16967,28285,23659,19488,17821,2150.3,32342
38028,1113.6,2665.2,11191,10658,10380,9995.1,17579,29251,24369,19922,17830,2149.9,34835
36884,853.49,2651.4,10911,10384,10119,9749.8,17083,28509,23824,19551,17826,2149.3,33844
37802,884.77,2732.7,10901,10374,10110,9741.5,17307,28956,24173,19805,17852,2149.2,34550
34507,927.22,3875.3,11438,10898,10610,10210,16926,28373,23795,19642,17949,2148.9,32694
34619,945.1,5320.1,12859,12293,11933,11448,17918,30542,25375,20693,18141,2149,33660
38916,952.92,5579.2,13693,13115,12708,12171,19560,34341,28022,22348,18210,2148.9,37244
36700,970.79,6455.9,14306,13722,13277,12701,19498,33768,27484,22065,18492,2149,36121
45972,979.73,6465.1,14770,14183,13708,13102,21939,37634,30165,23657,18175,2149.5,42835
45561,979.73,6469.1,14178,13596,13158,12591,21445,36715,29393,23221,18403,2149.7,42279
47027,970.79,5447.1,13591,13015,12613,12083,21407,36332,29043,23016,18441,2149.9,43034
46270,970.79,5522.9,13137,12566,12191,11689,20960,35608,28496,22833,18421,2149.9,42378
44250,970.79,5186.2,12930,12363,11998,11509,20344,34482,27728,22246,18138,2150.1,40871
46083,952.92,4843.2,12731,12167,11813,11337,20674,34898,28075,22401,18348,2150.4,42094
36439,952.92,1257.2,12723,12159,11806,11329,18409,31056,25305,20671,12874,2150.9,35321
38783,952.92,1264.4,12943,12375,12011,11521,19145,32273,26206,21262,13497,2150.9,37205
43747,945.1,1692.4,14038,13457,13029,12470,21038,35499,28526,22649,13642,2151,41299
42933,927.22,1277.5,13834,13255,12839,12293,20703,34845,28002,22284,13747,2151.9,40631
43563,901.53,1282.5,13109,12539,12165,11665,20397,34067,27394,21870,13842,2152.2,40714
44604,892.59,1287.6,12540,11979,11636,11170,20322,33728,27117,21685,13721,2152.6,41220
40218,901.53,1292.3,12334,11777,11444,10992,19141,31668,25590,20722,13681,2153.1,37961
42497,952.92,1295.7,12622,12060,11712,11242,19900,33002,26550,21388,13970,2153.2,39902
43316,1066.9,1304.1,13753,13175,12764,12223,20895,35167,28149,22435,14193,2153.4,41249
43375,1113.6,1310.5,14489,13904,13447,12859,21464,36908,29440,23215,14238,2153.5,41881
42360,1113.6,1317.5,14579,13993,13531,12937,21381,37107,29593,23334,15145,2153.9,41502
46072,1113.6,1325.2,14946,14358,13871,13254,22115,38970,30940,24220,16379,2154.7,44499
53242,1113.6,3797.3,16079,15488,14920,13632,21883,43777,34360,23491,20289,2155.8,48957
53344,1113.6,6947,17937,17354,16636,13526,21736,47491,36972,22943,19896,2157.9,49899
59718,1113.6,6984.1,18722,18197,17351,13420,21464,47898,40794,22160,20901,2160.7,54129
21633,1113.6,6702.9,18687,18197,17312,13379,22104,38918,30893,23701,21898,2164.4,34049
30972,1113.6,4017,18571,18197,17179,13241,21784,45594,35636,23418,18914,2168.4,39157
36124,1113.6,4043.5,18582,18197,17192,13255,21706,46934,36602,23219,19219,2171.9,41904
48528,1113.6,6711.2,18563,18197,17170,13232,21458,47967,40016,22521,19076,2175.6,48282
40553,1113.6,7243.7,18391,18197,16967,13037,21393,47887,40982,22305,26490,2181.1,44370
69597,1113.6,7340.8,18232,18197,16777,12865,20702,46912,39022,20502,23252,2187.7,58600
71219,1113.6,7407,18363,18197,16933,13006,20852,47111,39421,20824,20697,2194.2,58784
85692,1113.6,7456,18420,18197,17001,13070,20707,46938,39066,20564,20161,2199.4,62137
65397,1113.6,7491.4,18528,18197,17128,13191,21223,47666,40538,21853,21036,2203.8,54689
58725,1113.6,7523.4,18599,18197,17211,13274,21454,47969,40121,22529,19831,2207.8,50991
34149,1113.6,7555.8,18665,18197,17287,13353,21977,40830,32493,24096,19488,2211.5,38672
34189,1113.6,7588,18694,18197,17319,13386,22021,39681,31677,24099,20441,2215.6,38514
25381,1113.6,7586,18697,18197,17323,13390,21983,36390,29309,22665,19834,2219.6,34006
34250,1113.6,7582.2,18639,18197,17257,13321,21945,41087,32575,24066,16519,2223.9,38690
20959,1113.6,7629.5,18525,18197,17125,13188,22017,39620,31502,24059,18530,2228.9,32683
44100,1113.6,7503,18384,18197,16958,13030,21462,48011,39425,22647,22820,2234.8,43854
44569,1113.6,7555.6,18185,18197,16723,12817,21235,47728,40709,22022,22264,2242.2,43949
63594,1113.6,7512.3,18249,18197,16798,12884,21005,47435,40128,21447,22282,2250.1,52824
52536,1113.6,7517.9,18188,18197,16726,12820,21130,47609,40478,21785,23267,2256.7,47411
76219,1113.6,7526,18187,18197,16725,12819,20768,47123,39504,20908,20233,2262.9,58191
77378,1113.6,7520.3,18172,18197,16707,12803,20722,47064,39379,20809,19769,2269.2,58869
84072,1113.6,7525.2,18085,18197,16606,12715,20503,46738,38710,20312,19773,2276.2,61723
78266,1113.6,7503.6,17973,18197,16479,12605,20437,46633,38499,20162,20987,2284,60383
1.0428e+05,1113.6,7469.9,17782,18197,16270,12427,19821,45515,36197,18928,23561,2293.7,63848
1.0665e+05,1113.6,7470,17726,18197,16212,12377,19724,45304,35763,18754,27564,2305.7,64103
1.2285e+05,1113.6,7478.1,17755,18197,16242,12403,19514,44866,34859,18424,32753,2318.4,66119
1.2331e+05,1113.6,7478.1,17742,18197,16229,12392,19516,44887,34914,18446,42225,2331.9,66205
1.2427e+05,1113.6,7505.3,17850,18197,16343,12489,19663,45214,35599,18701,35283,2344.4,66461
1.2477e+05,1113.6,7532.7,18055,18197,16572,12685,19914,45728,36667,19165,30548,2353.3,66758
1.2516e+05,1113.6,7556.1,18250,18197,16799,12884,20147,46172,37586,19642,25814,2360,67026
1.2491e+05,1113.6,7571.8,18393,18197,16969,13039,20314,46468,38194,20004,21293,2364.6,67145
1.2473e+05,1113.6,7572.5,18489,18197,17083,13147,20408,46693,38679,20285,32752,5292.8,67266
1.2429e+05,1113.6,7577.3,18641,18197,17260,13324,20534,46891,39080,20567,33873,5300.3,67333
1.2414e+05,1113.6,7569.7,18623,18197,17239,13302,20477,46802,38903,20431,44952,5310.6,67278
1.2232e+05,1113.6,7556.8,18534,18197,17135,13198,20398,46678,38652,20255,47701,5323.5,66961
1.2411e+05,1113.6,7551.5,18471,18197,17061,13126,20313,46538,38368,20066,47701,5336.6,67121
1.2416e+05,1113.6,7564.1,18469,18197,17060,13125,20335,46575,38449,20119,47701,10876,67161
1.2453e+05,1113.6,7580.2,18553,18197,17157,13220,20468,46788,38880,20427,43187,11276,67331
1.2487e+05,1113.6,7591,18655,18197,17276,13340,20603,46996,39301,20747,37774,11296,67498
1.2487e+05,1113.6,7607.4,18726,18197,17355,13425,20688,47120,39554,20952,37507,11319,67578
1.2451e+05,1113.6,7604.3,18754,18197,17386,13459,20709,47151,39617,21004,37145,11315,67551
1.2424e+05,1113.6,7598.1,18721,18197,17349,13419,20656,47074,39461,20876,43035,11309,67472
1.1739e+05,1113.6,7599.1,18661,18197,17282,13347,20692,47127,39569,20963,47701,11285,66588
1.191e+05,1113.6,7592,18624,18197,17240,13303,20646,47059,39435,20859,47701,11286,66773
1.2403e+05,1113.6,7602.2,18635,18197,17252,13316,20609,47005,39330,20782,44179,11286,67406
1.2403e+05,1113.6,7618.2,18712,18197,17340,13409,20712,47156,39635,21034,36563,11306,67489
1.0968e+05,1113.6,7633.9,18528,17951,17180,13493,21030,47591,40499,21834,36545,11325,65846
1.0357e+05,1113.6,7619.3,17676,17091,16396,13541,21172,47770,40851,22208,36330,11336,65139
93247,1113.6,7625.9,17748,17164,16462,13537,21333,47962,39624,22645,40016,11349,63862
99169,1113.6,7628,18657,18082,17299,13486,21184,47785,40876,22238,43946,11323,64582
1.0465e+05,1113.6,7165.7,17312,16725,16060,13561,21170,47768,40842,22201,45830,11323,65299
1.0307e+05,1113.6,6762,16268,15677,15095,13621,21254,47869,40716,22429,42445,11319,65135
98231,1113.6,6961.9,16160,15568,14995,13627,21340,47971,39528,22668,38965,11327,64523
95794,1113.6,6808,16076,15485,14917,13632,21386,48023,38881,22800,39454,11337,64215
92495,1113.6,6816,15441,14851,14329,13668,21470,48118,37699,23039,38298,11337,63701
96789,1113.6,7629,14871,14283,13801,13189,21426,48069,38306,22915,36629,11338,64352
91432,1113.6,6048.3,15191,14601,14098,13465,21498,48148,37309,23116,38973,11289,63316
90446,1113.6,6461.9,14532,13947,13487,12897,21548,47573,36590,23265,44171,11343,62844
88082,1113.6,5551,14013,13433,13005,12448,21618,46148,35591,23472,45301,11339,61668
93441,1113.6,4135.2,13237,12665,12284,11776,21568,47176,36298,23327,46214,11340,63888
89698,1113.6,5492.8,12692,12128,11777,11303,21660,45283,34974,23599,47701,11343,62379
86810,1113.6,1472,12398,11839,11503,11047,21728,43143,33486,23788,46855,11342,61002
64584,1113.6,1474,7561.8,7142.2,6997,6802.4,19954,30535,24374,19781,38407,11343,48331
60467,1113.6,1475.3,7343.1,6932.2,6793.2,6608.6,18847,28710,23032,18859,33919,10619,45276
57644,1113.6,1476.8,6993,6596.6,6467,6298,17975,27277,21979,18129,31718,8882,43164
52003,1113.6,1477.9,6663.7,6281.3,6160.3,6005.5,16634,25085,20353,17029,31024,8362.3,39597
47634,1113.6,1478.4,6543.4,6166.2,6048.3,5898.4,15685,23542,19202,16240,37072,9586,36807
50994,1113.6,1479.8,8354.8,7905.2,7736.1,7503.7,17518,26530,21438,17754,39499,9747.6,39910
53829,1113.6,1481.3,8181.6,7738.3,7574.7,7350.8,17996,27312,22024,18129,47616,10450,41626
52354,1113.6,1481.9,7628,7205.8,7058.7,6861,17388,26316,21289,17631,40996,9249,40458
50204,1113.6,1482,7613.1,7191.4,7044.7,6847.8,17026,25726,20850,17359,47701,9173.2,39220
49512,1113.6,1483.2,7517.5,7099.6,6955.7,6763.1,16706,25202,20460,17054,47701,8783.7,38466
49144,1113.6,1483.5,7002.1,6605.3,6475.5,6306.1,16211,24397,19855,16616,47054,9457.3,37729
54960,1113.6,1484.1,6959.4,6564.3,6435.7,6268.1,17281,26142,21155,17487,43043,7665.6,41097
45008,1113.6,1484.8,6959.5,6564.4,6435.8,6268.2,15157,22687,18576,15702,44814,7776.6,34737
40269,1113.6,1485.5,6613,6232.8,6113,5960.3,13927,20701,17086,14650,39745,7032.3,31600
38602,1113.6,1486,6338.4,5970.3,5857.4,5716,13403,19857,16447,14203,41094,6300,30428
37258,1113.6,1486.3,6284.1,5918.5,5806.9,5667.7,13121,19406,16088,13957,43900,6306.3,29570
39692,1113.6,1486.5,6201.3,5839.4,5729.8,5594,13570,20127,16607,14347,46689,6433.2,30970
34366,1113.6,1486.7,5931.5,5582,5478.7,5353.6,12239,17994,15000,13195,47701,7012.4,27521
39267,1113.6,1486.7,5960.3,5609.5,5505.5,5379.3,13250,19613,16215,14107,47701,6141.7,30598
35166,1113.6,1487,6146,5786.6,5678.3,5544.7,12481,18380,15315,13454,47701,7155.3,27876
35353,1113.6,1487.2,5784.7,5442.1,5342.2,5222.7,12220,17962,14996,13167,47701,6473.2,27713
38271,1113.6,1487.3,5545.1,5214,5119.3,5008.9,12610,18587,15467,13476,45300,6614.5,29128
33825,1113.6,1487.7,5767.3,5425.6,5326,5207.2,11773,17250,14458,12729,42997,8299.4,26530
41255,1113.6,1487.6,5650.3,5314.1,5217.2,5102.8,13229,19578,16199,13979,40178,5932.3,31056
38285,1113.6,1487.8,5563.5,5231.5,5136.5,5025.3,12540,18475,15373,13360,39983,5932.2,28965
38430,1113.6,1488,5517,5187.2,5093.2,4983.8,12537,18470,15373,13364,40302,5932,29012
32733,1113.6,1487.9,5407.4,5082.9,4991.3,4885.9,11235,16393,13795,12184,41465,5930.9,25328
30112,1113.6,1488.2,5532.5,5201.9,5107.6,4997.6,10717,15570,13169,11705,41521,5931,23604
26286,1113.6,1488.4,5226.9,4911.3,4823.5,4724.5,9691.8,13949,11955,10770,40616,5930.4,20927
30080,1113.6,1488.3,5319.6,4999.4,4909.6,4807.4,10543,15295,12975,11570,40465,5929.5,23416
28605,1113.6,1488.2,5265.3,4947.8,4859.2,4758.9,10306,15256,12884,11370,41054,2390.3,22796
21452,1113.6,7333.1,5189.3,4875.6,4788.6,4690.9,8673.8,12683,10923,9840.3,41019,2390.8,18165
24579,1113.6,7703.8,6294.9,5928.8,5816.9,5677.4,10002,14776,12491,11052,39736,3356.2,20585
25496,1092.6,7686.7,6316.6,5949.5,5837.1,5696.6,10163,15030,12664,11173,39082,4966.7,21061
24659,1066.9,7671.1,6387.4,6017.1,5903,5759.7,10010,14787,12475,11014,38677,3414.1,20518
23482,951.8,7654.6,6043.5,5688.8,5582.9,5453.4,9517.6,14010,11901,10561,38166,4442.1,19538
23929,936.16,7638.3,6150.8,5791.2,5682.8,5549,9671.6,14253,12090,10707,38130,4114.4,19840
21267,951.8,7620.2,6122.4,5764.2,5656.4,5523.8,9072.8,13310,11375,10157,37161,4009.2,18139
22371,997.6,7604.3,6112,5754.2,5646.7,5514.5,9274.3,13627,11606,10333,38032,4040.7,18768
26093,1083.6,7587.4,6074.1,5718,5611.4,5480.7,10016,14797,12507,11031,37596,3573.7,21052
21272,1075.8,7570.4,6100.9,5743.6,5636.4,5504.6,9031.8,13246,11355,10149,38434,5755.5,18107
22688,1057.9,7552.8,6174.9,5814.2,5705.2,5570.5,9362,13765,11769,10469,38197,2391.1,19001
22436,1092.6,7535.2,5915.1,5566.4,5463.5,5339,9136.9,13411,11505,10268,38139,3235.7,18748
21498,1113.6,7518,6223.5,5860.6,5750.4,5613.8,9179.4,13478,11560,10320,38651,4041.9,18367
23038,1101.5,7504,6499.4,6124.1,6007.3,5859.3,9704.5,14305,12197,10805,38658,4040.1,19459
26190,1023.3,7486.6,6564.7,6186.6,6068.1,5917.4,10388,15386,13040,11465,38111,3882.6,21419
25788,1083.6,7468.4,6517.9,6141.9,6024.6,5875.8,10291,15231,12884,11343,38464,2630.2,21176
26008,980.85,7452.2,6488.2,6113.5,5996.9,5849.4,10330,15293,12926,11361,38928,3309.9,21340
24254,884.77,7433.1,6575.7,6197.1,6078.4,5927.2,10029,14817,12566,11120,38995,4157.2,20336
28590,907.11,7416.9,6273.5,5908.4,5797,5658.3,10768,15987,13456,11831,38530,3714.3,22900
24302,1015.5,7400.5,6437.7,6065.2,5949.9,5804.4,10033,14823,12580,11183,38826,3465.8,20399
27741,1113.6,7384.4,6386.6,6016.4,5902.3,5759,10763,15980,13470,11866,38492,3771.1,22724
27408,1101.5,7364.3,6372.1,6002.5,5888.8,5746,10658,15813,13324,11714,38108,3964.5,22413
28359,997.6,7346.6,6414.6,6043.1,5928.3,5783.9,10873,16154,13597,11900,37220,3655.1,23000
27711,1015.5,7330,6503.4,6128,6011,5862.9,10812,16057,13528,11846,36610,4099.9,22680
26384,1049,7311.3,6411.1,6039.8,5925.1,5780.8,10499,15562,13149,11569,36496,2879.6,21869
26184,989.78,7294.9,6278.8,5913.4,5801.9,5663,10384,15379,13016,11464,36537,4019.9,21699
23152,980.85,7276.2,6238.3,5874.8,5764.3,5627,9757,14388,12265,10874,36618,3191.2,19849
23947,1023.3,7258.2,6307.2,5940.5,5828.4,5688.3,10008,14785,12556,11096,37203,4051.4,20448
26817,1041.2,7238.7,6284.5,5918.9,5807.3,5668.1,10578,15687,13229,11622,37419,2391.1,22144
37959,958.5,7223.3,6332.4,5964.6,5851.8,5710.7,12964,19488,16104,13762,37917,3647.1,29220
26488,907.11,7206.2,6376.6,6006.8,5893,5750.1,10519,15726,13271,11803,36717,4272.3,21860
21157,1113.6,1387.8,3594.2,3365.1,3308.5,3259.9,7621.6,11169,9805.1,9216.5,36883,3284.7,17253
20084,1061.3,1387.6,2182,2036.7,2003.4,1985,6552.5,9503.7,8533.3,8394.6,38806,2847.9,16015
22212,775.29,1387.6,2065.4,1927.4,1895.9,1879.4,6992.5,10188,9034.6,8608.6,36148,4280.5,17349
23483,697.09,1387.2,2014.5,1879.7,1849,1833.3,7244.7,10581,9338.4,8792.1,34377,3777.4,18116
21482,703.8,1387.1,1912.2,1783.8,1754.7,1740.5,6720.9,9765.5,8756.9,8314,36965,3330.8,16801
23436,683.69,1386.8,1932.9,1803.2,1773.7,1759.3,7107.1,10367,9258.1,8710.7,34772,3722.5,17865
20375,807.69,1386.4,1922.9,1793.9,1764.6,1750.3,6415.5,9290.9,8459.1,8100.5,36655,2391.1,15950
21708,748.48,1386.2,1856.8,1731.9,1703.7,1690.3,6601,9579.2,8663.9,8229,36011,2726.1,16635
19181,641.24,1386.1,1795.5,1674.6,1647.3,1634.8,5989.9,8630.8,7932.2,7599.5,36358,3841.6,14933
18586,574.21,1385.8,1771.7,1652.2,1625.3,1613.1,5825.7,8376.5,7743.4,7430.1,33724,3004.1,14527
17484,551.87,1385.4,1749,1631,1604.4,1592.5,5544.6,7941.5,7417,7151.6,32966,3426.7,13734
19246,574.21,1384.7,1727.7,1611,1584.8,1573.2,5881.3,8462.6,7818.8,7481.8,32746,3150.1,14861
18688,623.36,1384.6,4657.5,4370.8,4294.6,4214.9,7690.6,11277,9955.1,9215.3,32937,2453.5,16096
18089,671.4,1384.5,4823,4527.8,4448.3,4363.1,7668.1,11242,9933.2,9198,33611,2816.3,15743
21027,671.4,1384.2,4806.4,4512.1,4432.9,4348.3,8274.4,12190,10644,9764.8,34624,2450.3,17532
18987,601.02,1383.5,4748.5,4457.1,4379,4296.4,7777.1,11412,10043,9270.2,33269,3482.9,16240
20383,628.95,1383.4,4743.2,4452,4374.1,4291.6,8060.1,11855,10380,9535.5,33104,2391.1,17016
17408,641.24,1382.8,4735.1,4444.4,4366.7,4284.4,7405.9,10833,9602.6,8927.1,33468,2584.9,15267
18034,697.09,1382.6,4737.1,4446.3,4368.5,4286.2,7529.6,11026,9749.4,9056.4,34443,2498.5,15626
22052,659.11,1382,4701.2,4412.3,4335.2,4254,8320.3,12262,10689,9802.1,34026,2520,17974
22829,584.26,1381.5,4702.8,4413.7,4336.6,4255.4,8453.1,12471,10847,9919,33987,2437,18339
23042,563.04,1381.2,4691.6,4403.2,4326.3,4245.4,8499.6,12544,10903,9939.2,32253,2608.1,18482
22152,557.45,1380.9,4653,4366.6,4290.4,4210.8,8269.9,12183,10624,9711.3,32430,2615.7,17889
22474,546.28,1380.2,4674.4,4386.9,4310.3,4230,8333.8,12283,10700,9769.1,32300,2391.1,18073
19835,563.04,1380.1,4680.9,4393,4316.3,4235.9,7771.8,11404,10027,9229.6,32150,2391,16497
20478,503.83,1379.7,4719.6,4429.7,4352.2,4270.5,7905.6,11613,10162,9327.8,32367,2391.1,16796
21560,623.36,1379.3,4741.8,4450.8,4372.9,4290.4,8166.8,12022,10482,9577.1,35930,2555.1,17510
35776,449.09,1378.9,4768.9,4476.5,4398,4314.7,11184,16781,14079,12333,33081,2391,26330
30989,439.03,1378.5,4797.5,4503.6,4424.6,4340.3,10179,15189,12865,11412,31968,2390.9,23387
32693,397.7,1377.7,4778.8,4485.9,4407.2,4323.6,10681,15821,13392,11854,30750,2390.8,24451
35502,405.52,1377.3,4565.5,4283.6,4209.1,4132.4,11139,16549,13955,12272,31383,2390.9,26078
38144,379.83,1377.2,4551,4269.9,4195.7,4119.4,11688,17423,14608,12757,31070,2390.9,27718
37851,383.18,1376.5,4552.8,4271.5,4197.3,4121,11625,17323,14518,12685,29740,2390.7,27548
36282,409.99,1376.1,4547.8,4266.8,4192.7,4116.5,11299,16803,14126,12401,30387,2390.6,26552
37759,462.49,1376.1,4594.9,4311.5,4236.5,4158.7,11649,17361,14549,12722,30053,2390.5,27551
37994,477.02,1375.6,4600.6,4316.9,4241.7,4163.8,11710,17458,14623,12790,30626,2390.4,27711
38594,456.91,1375.2,4487.8,4210,4137,4062.7,11765,17545,14688,12836,30724,2390.4,27944
36598,396.58,1374.7,4533.3,4253.1,4179.3,4103.5,11355,16892,14194,12454,30286,2390.2,26787
37628,409.99,1374.4,4583,4300.2,4225.4,4148.1,11604,17288,14492,12668,29946,2390.1,27494
39367,433.45,1373.9,4564.6,4282.8,4208.3,4131.6,11968,17868,14941,13013,30279,2390,28523
35895,401.05,1373.5,4564.9,4283.1,4208.6,4131.9,11234,16700,14101,12393,30292,2389.9,26318
34355,414.46,1372.9,4592.5,4309.2,4234.2,4156.6,10944,16239,13804,12169,30555,2389.9,25437
34892,414.46,1372.6,4623,4338.2,4262.6,4184,11085,16462,14006,12316,30945,2389.9,25890
37389,387.65,1372.6,4721.5,4431.5,4354,4272.2,11695,17433,14735,12901,32145,2389.7,27471
38576,357.48,1372.1,4925.5,4625,4543.5,4454.9,12125,18119,15247,13248,30502,2389.7,28393
37074,361.95,1372.1,5068.1,4760.4,4675.9,4582.5,11917,17787,15000,13064,30652,2389.6,27501
36455,318.38,1372,5218.2,4903.1,4815.5,4716.8,11889,17743,14970,13110,29873,2389.6,27366
39613,326.2,1372.7,5551.4,5219.9,5125.2,5014.5,12840,19262,16121,14141,30844,2389.5,29683
39971,302.74,1373.2,5849.6,5503.9,5402.5,5280.6,13126,19721,16477,14347,30062,2389.6,30020
36294,281.52,1373.2,6008.1,5655.1,5550,5421.9,12465,18663,15694,13722,29496,2389.4,27767
38975,281.52,1373.3,5918.8,5570,5467,5342.3,13018,19547,16361,14195,29988,2389.2,29472
39650,299.39,1373.4,5790.2,5447.3,5347.3,5227.6,13107,19690,16473,14405,29623,2389.3,29811
38796,296.04,1373.4,5715.5,5376.2,5277.8,5161,12879,19324,16209,14283,29897,2389.5,29285
39217,530.64,1373.8,5770.8,5428.8,5329.2,5210.3,13096,19672,16485,14646,29699,2389.3,29923
38917,519.47,1374.5,5947.2,5597,5493.4,5367.6,13223,19876,16648,14634,30606,2389.2,29881
40362,719.44,1374.6,6079.7,5723.4,5616.6,5485.7,13665,20585,17186,15024,31189,2389,30946
38995,586.5,1374.5,5934.2,5584.6,5481.3,5356,13310,20016,16763,14673,30948,2389.1,29978
38849,492.66,1374.6,5847.4,5501.9,5400.5,5278.6,13199,19837,16630,14524,30477,2389.2,29760
39003,437.92,1374.4,5717,5377.6,5279.2,5162.3,13132,19730,16551,14434,30306,2389.2,29703
41570,396.58,1374.1,5637.7,5302.1,5205.5,5091.5,13602,20484,17121,14842,30248,2389.1,31291
39146,370.89,1374,5646.5,5310.4,5213.6,5099.3,12990,19654,16479,14158,29864,2388.9,29339
30790,364.19,1373.6,5929.5,5580.1,5476.9,5351.8,11388,17097,14552,12734,29842,2388.8,24078
30357,360.83,1373.5,5878.3,5531.4,5429.3,5306.2,11251,16880,14388,12621,29797,3092.9,23835
32213,348.55,1373.4,5897.3,5549.4,5446.9,5323.1,11646,17507,14865,13027,29602,6262.7,25015
33778,336.26,1373,5966.8,5615.7,5511.6,5385.1,12022,18107,15320,13391,29677,6933.3,26032
35557,328.44,1372.8,5993.5,5641.1,5536.4,5408.9,12428,18755,15810,13738,29505,6576.6,27170
34900,319.5,1372.7,5990.2,5638,5533.4,5405.9,12305,18559,15659,13599,29439,6943.1,26757
35006,308.33,1372.3,5936,5586.3,5482.9,5357.6,12278,18515,15555,13495,29230,6549.9,26714
34998,301.63,1371.9,5874.6,5527.8,5425.8,5302.8,12218,18419,15361,13335,29454,6602.3,26651
34648,290.46,1371.8,5808.5,5464.8,5364.3,5243.9,12077,18194,15130,13151,29266,6843.4,26329
33686,280.4,1371.4,5766.9,5425.2,5325.6,5206.8,11829,17798,14827,12918,29285,6873.5,25686
34360,269.23,1371,5769,5427.2,5327.6,5208.7,11955,18000,15053,13075,29160,6850.6,26063
33086,264.76,1370.8,5715.5,5376.2,5277.8,5160.9,11639,17496,14710,12813,29320,6958.5,25190
33704,254.71,1370.4,5634.5,5299.1,5202.5,5088.7,11690,17578,14773,12856,29200,6521.4,25502
33792,245.77,1369.8,5565.5,5233.4,5138.3,5027.1,11633,17486,14700,12794,29121,6707.2,25485
33482,254.71,1369.3,5534.8,5204.1,5109.7,4999.6,11562,17374,14635,12781,29135,6946.3,25331
33641,251.36,1369.3,5635.8,5300.3,5203.6,5089.8,11696,17587,14807,12984,29248,6402.2,25633
33936,245.77,1369.8,6022.1,5668.5,5563,5434.4,12041,18137,15211,13286,29254,6755.3,25944
33308,235.72,1369.7,6134.1,5775.3,5667.2,5534.1,12020,18104,15181,13214,29211,7124.7,25610
33651,230.13,1368.9,5915.6,5566.9,5463.9,5339.4,11927,17956,15071,13108,29138,6718,25663
32918,230.13,1368.2,5997.4,5644.9,5540.1,5412.4,11796,17746,14905,12974,29139,6759.6,25204
33870,235.72,1367.5,5737,5396.7,5297.8,5180.2,11823,17790,14936,13003,29133,6801.6,25727
33508,230.13,1366.9,5627.9,5292.8,5196.3,5082.8,11708,17606,14796,12911,29032,5968.4,25462
33041,223.43,1366.2,5742,5401.5,5302.5,5184.6,11745,17665,14847,12999,29105,6736.9,25294
33929,220.08,1365.4,5988.5,5636.4,5531.8,5404.4,12150,18310,15349,13383,29118,6575.3,25943
32964,202.2,1364.6,5989.8,5637.6,5533,5405.6,11929,17958,15098,13162,29087,6469.7,25336
33163,182.09,1363.9,6034.8,5680.6,5574.9,5445.7,11955,18000,15152,13159,29067,7199.4,25359
33556,187.68,1363.2,5790.7,5447.9,5347.8,5228.1,11833,17806,14996,13008,29021,6490.1,25443
32585,182.09,1362.4,5428.5,5103,5010.9,4904.7,11359,17050,14426,12598,29040,6533.7,24596
32865,193.26,1361.7,5294.8,4975.9,4886.6,4785.2,11371,17069,14487,12658,28968,6746.9,24719
33058,198.85,1361.1,5489.5,5161,5067.6,4959.2,11238,17619,15032,12889,29072,10376,24768
40403,264.76,1361.1,5651.1,5314.9,5217.9,5103.5,12925,20298,17083,14951,29074,10252,29680
42446,499.36,1361.9,6060.5,5705,5598.7,5468.6,13717,21642,18147,15653,29087,9878.6,31358
43366,636.77,1363.3,6549.5,6172,6053.9,5903.8,14374,22784,18959,16928,29222,10653,32471
41729,616.66,1364.8,7024.4,6626.6,6496.3,6325.9,14770,23635,19594,16953,29227,9979.2,32164
42588,561.92,1365.1,6776.7,6389.4,6265.5,6105.8,14678,23625,19603,16649,29165,10965,32457
48990,530.64,1365.4,6564.3,6186.2,6067.7,5917,15863,25485,20941,17460,29146,10412,36303
49221,511.65,1365.4,6520.3,6144.2,6026.8,5877.9,15867,25391,20816,17304,29131,10377,36365
45756,1113.6,7070.4,6424.5,6052.6,5937.5,5792.7,15269,24361,19938,16728,29389,10646,34618
47183,1113.6,7056.7,7666.9,7243.1,7094.9,6895.4,16523,26363,21406,17845,29648,10868,36480
50349,1113.6,7041.2,7718.4,7292.6,7142.9,6941,17148,27368,22164,18210,29355,9417,38299
45849,1050.1,7022.8,7451.3,7036,6894,6704.5,16027,25514,20819,17285,29567,10823,35068
52545,971.91,7004,7287,6878.4,6740.9,6558.9,17289,27541,22359,18279,28654,9763.9,39328
47240,1113.6,6984,7218.1,6812.3,6676.7,6497.7,16296,25868,21064,17414,28722,10614,36177
49049,1113.6,6967.2,7256.4,6849,6712.4,6531.7,17184,27295,22095,18212,28831,10745,38557
48853,1113.6,6950.5,7365.3,6953.5,6813.9,6628.3,17280,27448,22244,18292,28886,9257.7,38402
47132,1113.6,6934.7,7429.6,7015.2,6873.8,6685.2,17275,27439,22249,18279,28913,10148,37389
54494,1113.6,6919.6,7511.2,7093.5,6949.8,6757.5,19716,31432,25199,20341,28890,10673,44033
56276,1113.6,6902.8,7549.8,7130.6,6985.8,6791.7,20366,32509,25988,20829,28804,10646,45405
57872,1113.6,6886.1,7435.7,7021,6879.4,6690.6,20651,32994,26301,21023,28767,10616,46142
53681,1113.6,6867.4,7386.7,6974,6833.8,6647.2,19648,31341,25044,20259,28645,10591,43300
55129,1113.6,6852.6,7805.3,7376.2,7223.9,7018,19879,31718,25311,20365,28672,10454,43793
51243,1113.6,6835.3,7361.3,6949.6,6810.1,6624.7,18541,29512,23687,19250,28617,10542,40668
51461,1113.6,6816.2,7250.6,6843.5,6707,6526.6,18312,29125,23398,19020,28597,10128,40415
50842,1113.6,6798.7,7224.5,6818.4,6682.7,6503.4,17953,28519,22941,18680,28574,9933.5,39644
50097,1113.6,6780.7,7059,6659.8,6528.5,6356.6,17504,27755,22369,18269,28614,9831.4,38798
48900,1113.6,6763.2,7434.2,7019.6,6878,6689.3,17340,27466,22200,18133,28500,10295,38023
47789,1113.6,6741.9,6902.9,6510.3,6383.1,6218,16642,26368,21507,17644,28473,9566,36898
46675,1113.6,6723.4,7123.3,6721.4,6588.4,6413.6,16451,26041,21273,17473,28449,9675.8,36169
46186,1093.7,6704.1,6786.5,6398.8,6274.6,6114.5,16037,25320,20739,17100,28462,9439.2,35547
46303,1066.9,6682.9,6745.8,6359.8,6236.7,6078.4,15953,25159,20621,17016,28463,9166.4,35525
